SRSMP2_kJmol,Name
-111.1316698,C2C2PD
-77.6255359,C3A
-126.3966186,C3GC
-38.0337835,CBH
-70.11506352,GCGC
-16.57899217,GGG
-107.5053332,PHE
-22.490449924,C2H2-CC3-C3
-22.212256942,C2H4-CC3
-17.416792650,CH4-CC3-C3
-29.555756226,CO2-CC3a-C3
-479.078755218,C_DMEA_A_no3-d3_97
-388.693124186,C_DMEA_A_no3-d4_77
-308.0427972695,C_DMEA_A_no3-d5_56
-254.84457232900002,C_DMEA_A_no3-d6_35
-218.81156183049998,C_DMEA_A_no3-d7_15
-193.11281601349998,C_DMEA_A_no3-d7_94
-173.2767749395,C_DMEA_A_no3-d8_74
-157.2772719955,C_DMEA_A_no3-d9_53
-144.051769957,C_DMEA_A_no3-d10_33
-132.91958431950002,C_DMEA_A_no3-d11_12
-123.41058780200001,C_DMEA_A_no3-d11_91
-115.1883645875,C_DMEA_A_no3-d12_71
-108.005083229,C_DMEA_A_no3-d13_5
-101.67344843299999,C_DMEA_A_no3-d14_3
-488.61326371900003,C_EtMeNH2_A_no3-d4_07
-393.6919370345,C_EtMeNH2_A_no3-d4_88
-310.47445397900003,C_EtMeNH2_A_no3-d5_7
-255.952984915,C_EtMeNH2_A_no3-d6_51
-219.2111156715,C_EtMeNH2_A_no3-d7_33
-192.95681142900003,C_EtMeNH2_A_no3-d8_14
-172.70592297649998,C_EtMeNH2_A_no3-d8_96
-156.429873492,C_EtMeNH2_A_no3-d9_77
-143.0251180665,C_EtMeNH2_A_no3-d10_58
-131.7780011665,C_EtMeNH2_A_no3-d11_4
-122.19733375,C_EtMeNH2_A_no3-d12_21
-113.93309728450001,C_EtMeNH2_A_no3-d13_03
-106.72824744350001,C_EtMeNH2_A_no3-d13_84
-100.389242869,C_EtMeNH2_A_no3-d14_65
-504.10269765050003,C_EtNH3_A_no3-d3_31
-408.075095537,C_EtNH3_A_no3-d4_14
-320.92588422349996,C_EtNH3_A_no3-d4_96
-263.5584099165,C_EtNH3_A_no3-d5_79
-225.024348118,C_EtNH3_A_no3-d6_62
-197.488282652,C_EtNH3_A_no3-d7_45
-176.3133862315,C_EtNH3_A_no3-d8_27
-159.3354382025,C_EtNH3_A_no3-d9_1
-145.393825788,C_EtNH3_A_no3-d9_93
-133.71840057100002,C_EtNH3_A_no3-d10_76
-123.7954047115,C_EtNH3_A_no3-d11_58
-115.2540073385,C_EtNH3_A_no3-d12_41
-107.8222040265,C_EtNH3_A_no3-d13_24
-101.295528712,C_EtNH3_A_no3-d14_06
-375.40655826849996,C_TMEA_A_no3-d4_52
-320.4044704255,C_TMEA_A_no3-d5_26
-268.33423905,C_TMEA_A_no3-d5_99
-229.2292727785,C_TMEA_A_no3-d6_73
-201.22460544700002,C_TMEA_A_no3-d7_46
-180.5904517555,C_TMEA_A_no3-d8_2
-164.21028019200003,C_TMEA_A_no3-d8_93
-150.663409077,C_TMEA_A_no3-d9_67
-139.26821397700002,C_TMEA_A_no3-d10_4
-129.520388852,C_TMEA_A_no3-d11_14
-121.07665482799999,C_TMEA_A_no3-d11_87
-113.6854863795,C_TMEA_A_no3-d12_61
-107.15817831950001,C_TMEA_A_no3-d13_34
-101.3493435855,C_TMEA_A_no3-d14_08
-366.0602193525,C_c1mim_A_dca-d3_02
-316.273448339,C_c1mim_A_dca-d3_9
-263.752274211,C_c1mim_A_dca-d4_77
-227.1558366635,C_c1mim_A_dca-d5_65
-199.9731529955,C_c1mim_A_dca-d6_52
-178.7186382875,C_c1mim_A_dca-d7_4
-161.49253587500004,C_c1mim_A_dca-d8_28
-147.2172171595,C_c1mim_A_dca-d9_15
-135.19313867,C_c1mim_A_dca-d10_03
-124.933020734,C_c1mim_A_dca-d10_9
-116.0820322775,C_c1mim_A_dca-d11_78
-108.3739581025,C_c1mim_A_dca-d12_66
-101.60486249649999,C_c1mim_A_dca-d13_53
-95.61594996850002,C_c1mim_A_dca-d14_41
-352.2647028855,C_c1mim_A_dca_P2-d3_73
-304.747382566,C_c1mim_A_dca_P2-d4_53
-256.3208358435,C_c1mim_A_dca_P2-d5_32
-221.95273366,C_c1mim_A_dca_P2-d6_11
-196.01926289200006,C_c1mim_A_dca_P2-d6_91
-176.34947635449996,C_c1mim_A_dca_P2-d7_7
-160.3935094515,C_c1mim_A_dca_P2-d8_5
-147.11784198450002,C_c1mim_A_dca_P2-d9_29
-135.8787696165,C_c1mim_A_dca_P2-d10_08
-126.23296879600001,C_c1mim_A_dca_P2-d10_88
-117.8606194915,C_c1mim_A_dca_P2-d11_67
-110.52393279350001,C_c1mim_A_dca_P2-d12_46
-104.041680939,C_c1mim_A_dca_P2-d13_26
-98.2728982075,C_c1mim_A_dca_P2-d14_05
-463.544149559,C_c1mim_A_no3_P1-d4_65
-373.1724940635,C_c1mim_A_no3_P1-d5_41
-296.383017407,C_c1mim_A_no3_P1-d6_17
-246.3473332405,C_c1mim_A_no3_P1-d6_92
-211.9533620055,C_c1mim_A_no3_P1-d7_68
-187.6294697655,C_c1mim_A_no3_P1-d8_43
-168.979679476,C_c1mim_A_no3_P1-d9_19
-153.94419711999996,C_c1mim_A_no3_P1-d9_95
-141.492842135,C_c1mim_A_no3_P1-d10_7
-130.9853469635,C_c1mim_A_no3_P1-d11_46
-121.983481524,C_c1mim_A_no3_P1-d12_22
-114.17531278700001,C_c1mim_A_no3_P1-d12_97
-107.331994296,C_c1mim_A_no3_P1-d13_73
-101.2810018205,C_c1mim_A_no3_P1-d14_48
-387.93957680550005,C_c1mim_A_no3_P2-d2_84
-323.86202550700006,C_c1mim_A_no3_P2-d3_72
-267.105463042,C_c1mim_A_no3_P2-d4_61
-228.5264106755,C_c1mim_A_no3_P2-d5_49
-200.462659092,C_c1mim_A_no3_P2-d6_38
-178.5217362895,C_c1mim_A_no3_P2-d7_26
-160.9732513575,C_c1mim_A_no3_P2-d8_15
-146.505094918,C_c1mim_A_no3_P2-d9_04
-134.3745629055,C_c1mim_A_no3_P2-d9_92
-124.06221852350001,C_c1mim_A_no3_P2-d10_81
-115.1920297855,C_c1mim_A_no3_P2-d11_69
-107.48462511299999,C_c1mim_A_no3_P2-d12_58
-100.7280242615,C_c1mim_A_no3_P2-d13_47
-94.75846691950001,C_c1mim_A_no3_P2-d14_35
-347.865260181,C_c1mpyr_A_dca-d4_01
-302.0959767575,C_c1mpyr_A_dca-d4_82
-254.5731192585,C_c1mpyr_A_dca-d5_62
-219.89180017599998,C_c1mpyr_A_dca-d6_42
-194.25680937549998,C_c1mpyr_A_dca-d7_22
-174.41586911849998,C_c1mpyr_A_dca-d8_03
-158.4010857645,C_c1mpyr_A_dca-d8_83
-145.1286266585,C_c1mpyr_A_dca-d9_63
-133.925951597,C_c1mpyr_A_dca-d10_43
-124.3353597905,C_c1mpyr_A_dca-d11_24
-116.02887640450001,C_c1mpyr_A_dca-d12_04
-108.76330399950001,C_c1mpyr_A_dca-d12_84
-102.353894017,C_c1mpyr_A_dca-d13_65
-96.6574280575,C_c1mpyr_A_dca-d14_45
-354.3926076235,C_c1mpyr_A_dca_P2-d3_83
-309.19486141849995,C_c1mpyr_A_dca_P2-d4_64
-261.802236596,C_c1mpyr_A_dca_P2-d5_46
-226.17533056099998,C_c1mpyr_A_dca_P2-d6_27
-199.5354663925,C_c1mpyr_A_dca_P2-d7_08
-178.78942701850002,C_c1mpyr_A_dca_P2-d7_9
-162.02497152200002,C_c1mpyr_A_dca_P2-d8_71
-148.14653126299999,C_c1mpyr_A_dca_P2-d9_53
-136.4539431525,C_c1mpyr_A_dca_P2-d10_34
-126.4648398285,C_c1mpyr_A_dca_P2-d11_15
-117.83125327399999,C_c1mpyr_A_dca_P2-d11_97
-110.099339559,C_c1mpyr_A_dca_P2-d12_78
-103.4863798125,C_c1mpyr_A_dca_P2-d13_59
-97.618636735,C_c1mpyr_A_dca_P2-d14_41
-336.516998519,C_c1mpyr_A_dca_P3-d4_19
-290.20638688,C_c1mpyr_A_dca_P3-d4_98
-245.1966763595,C_c1mpyr_A_dca_P3-d5_76
-212.55638422,C_c1mpyr_A_dca_P3-d6_55
-188.4598051445,C_c1mpyr_A_dca_P3-d7_33
-154.57038937200002,C_c1mpyr_A_dca_P3-d8_9
-169.817303243,C_c1mpyr_A_dca_P3-d8_12
-142.03086747150004,C_c1mpyr_A_dca_P3-d9_69
-131.405566115,C_c1mpyr_A_dca_P3-d10_48
-122.27662385,C_c1mpyr_A_dca_P3-d11_26
-114.34359420950001,C_c1mpyr_A_dca_P3-d12_05
-107.38318366950001,C_c1mpyr_A_dca_P3-d12_83
-101.2253202165,C_c1mpyr_A_dca_P3-d13_62
-95.737833555,C_c1mpyr_A_dca_P3-d14_41
-353.71161593549994,C_c1mpyr_A_dca_P4-d3_94
-310.96853632200003,C_c1mpyr_A_dca_P4-d4_73
-264.75022676099996,C_c1mpyr_A_dca_P4-d5_52
-229.48066177799998,C_c1mpyr_A_dca_P4-d6_31
-202.85390148,C_c1mpyr_A_dca_P4-d7_09
-182.030073792,C_c1mpyr_A_dca_P4-d7_88
-165.16986893600003,C_c1mpyr_A_dca_P4-d8_67
-151.184066731,C_c1mpyr_A_dca_P4-d9_46
-139.378211925,C_c1mpyr_A_dca_P4-d10_25
-129.032355661,C_c1mpyr_A_dca_P4-d11_04
-120.3177934355,C_c1mpyr_A_dca_P4-d11_82
-112.69898626049999,C_c1mpyr_A_dca_P4-d12_61
-105.9820750925,C_c1mpyr_A_dca_P4-d13_4
-100.01642974549999,C_c1mpyr_A_dca_P4-d14_19
-463.544149559,C_c1mpyr_A_no3-d4_65
-373.1724940635,C_c1mpyr_A_no3-d5_41
-296.383017407,C_c1mpyr_A_no3-d6_17
-246.347330615,C_c1mpyr_A_no3-d6_92
-211.9533620055,C_c1mpyr_A_no3-d7_68
-187.6294697655,C_c1mpyr_A_no3-d8_43
-168.979679476,C_c1mpyr_A_no3-d9_19
-153.94419711999996,C_c1mpyr_A_no3-d9_95
-141.492842135,C_c1mpyr_A_no3-d10_7
-130.985344338,C_c1mpyr_A_no3-d11_46
-121.983481524,C_c1mpyr_A_no3-d12_22
-114.17531278700001,C_c1mpyr_A_no3-d12_97
-107.331994296,C_c1mpyr_A_no3-d13_73
-101.2810018205,C_c1mpyr_A_no3-d14_48
-364.59770199761414,C_c2mim_A_dca_P1-d2_81
-321.9691837589665,C_c2mim_A_dca_P1-d3_68
-273.68530432353725,C_c2mim_A_dca_P1-d4_56
-236.35897251896904,C_c2mim_A_dca_P1-d5_43
-207.75821938719986,C_c2mim_A_dca_P1-d6_3
-184.6761039786768,C_c2mim_A_dca_P1-d7_17
-166.4112262839481,C_c2mim_A_dca_P1-d8_04
-151.31276956890738,C_c2mim_A_dca_P1-d8_92
-138.6416745232469,C_c2mim_A_dca_P1-d9_79
-127.87078204586872,C_c2mim_A_dca_P1-d10_66
-118.61286587236698,C_c2mim_A_dca_P1-d11_53
-110.5771087739847,C_c2mim_A_dca_P1-d12_4
-103.5412665674602,C_c2mim_A_dca_P1-d13_27
-97.33287097989741,C_c2mim_A_dca_P1-d14_15
-362.02556671498115,C_c2mim_A_dca_P2-d3_04
-320.18900686392936,C_c2mim_A_dca_P2-d3_92
-272.5511068985129,C_c2mim_A_dca_P2-d4_8
-235.4778414338361,C_c2mim_A_dca_P2-d5_69
-207.09026525968244,C_c2mim_A_dca_P2-d6_57
-184.01923957778843,C_c2mim_A_dca_P2-d7_45
-165.78012438136142,C_c2mim_A_dca_P2-d8_33
-150.6720990787258,C_c2mim_A_dca_P2-d9_21
-137.98169108631737,C_c2mim_A_dca_P2-d10_09
-127.19300870987438,C_c2mim_A_dca_P2-d10_98
-117.92288646039681,C_c2mim_A_dca_P2-d11_86
-109.88116805858499,C_c2mim_A_dca_P2-d12_74
-102.84489195069052,C_c2mim_A_dca_P2-d13_62
-96.64051018100159,C_c2mim_A_dca_P2-d14_5
-366.72899456065363,C_c2mim_A_dca_P3-d2_85
-323.13199273892394,C_c2mim_A_dca_P3-d3_68
-273.90968545366235,C_c2mim_A_dca_P3-d4_5
-236.82648811419742,C_c2mim_A_dca_P3-d5_33
-209.0107290530119,C_c2mim_A_dca_P3-d6_16
-186.69482230939047,C_c2mim_A_dca_P3-d6_98
-168.99300837750522,C_c2mim_A_dca_P3-d7_81
-154.2772318065409,C_c2mim_A_dca_P3-d8_64
-141.8489548972886,C_c2mim_A_dca_P3-d9_46
-131.21946092340949,C_c2mim_A_dca_P3-d10_29
-122.0310014329013,C_c2mim_A_dca_P3-d11_11
-114.01438602196475,C_c2mim_A_dca_P3-d11_94
-106.96302266299007,C_c2mim_A_dca_P3-d12_77
-100.71559077696787,C_c2mim_A_dca_P3-d13_59
-343.2201914495,C_c2mpyr_A_dca-d4_16
-299.4617548465,C_c2mpyr_A_dca-d4_95
-253.53834407099998,C_c2mpyr_A_dca-d5_74
-219.609254368,C_c2mpyr_A_dca-d6_53
-194.33300663650002,C_c2mpyr_A_dca-d7_32
-174.707837846,C_c2mpyr_A_dca-d8_11
-158.835545628,C_c2mpyr_A_dca-d8_91
-145.655288831,C_c2mpyr_A_dca-d9_7
-134.512036711,C_c2mpyr_A_dca-d10_49
-124.959207471,C_c2mpyr_A_dca-d11_28
-116.6760411505,C_c2mpyr_A_dca-d12_07
-109.42390868,C_c2mpyr_A_dca-d12_86
-102.824625163,C_c2mpyr_A_dca-d13_65
-97.15074638,C_c2mpyr_A_dca-d14_44
-346.7067871865001,C_c2mpyr_A_dca_P2-d3_85
-302.0305860545,C_c2mpyr_A_dca_P2-d4_66
-255.480232134,C_c2mpyr_A_dca_P2-d5_48
-220.9240076245,C_c2mpyr_A_dca_P2-d6_3
-195.170932336,C_c2mpyr_A_dca_P2-d7_12
-175.13541364850002,C_c2mpyr_A_dca_P2-d7_93
-158.92851458299998,C_c2mpyr_A_dca_P2-d8_75
-145.4885039435,C_c2mpyr_A_dca_P2-d9_57
-134.144456209,C_c2mpyr_A_dca_P2-d10_39
-124.4361632375,C_c2mpyr_A_dca_P2-d11_2
-116.032076889,C_c2mpyr_A_dca_P2-d12_02
-108.68569421950001,C_c2mpyr_A_dca_P2-d12_84
-102.209470513,C_c2mpyr_A_dca_P2-d13_66
-96.4578112925,C_c2mpyr_A_dca_P2-d14_47
-350.0645706425001,C_c2mpyr_A_dca_P3-d3_95
-306.7877977675,C_c2mpyr_A_dca_P3-d4_74
-260.9504430055,C_c2mpyr_A_dca_P3-d5_53
-226.1495612785,C_c2mpyr_A_dca_P3-d6_32
-199.98570026,C_c2mpyr_A_dca_P3-d7_12
-179.57491623200005,C_c2mpyr_A_dca_P3-d7_91
-163.0516706715,C_c2mpyr_A_dca_P3-d8_7
-149.34032773450002,C_c2mpyr_A_dca_P3-d9_49
-137.76036307200002,C_c2mpyr_A_dca_P3-d10_28
-127.5966088625,C_c2mpyr_A_dca_P3-d11_07
-119.0403196535,C_c2mpyr_A_dca_P3-d11_86
-111.55465420899999,C_c2mpyr_A_dca_P3-d12_65
-104.950571278,C_c2mpyr_A_dca_P3-d13_44
-99.08127127899999,C_c2mpyr_A_dca_P3-d14_23
-362.6601968525,C_c3mim_A_dca-d2_87
-322.64196353349996,C_c3mim_A_dca-d3_76
-275.76421238849997,C_c3mim_A_dca-d4_65
-238.32796140700003,C_c3mim_A_dca-d5_54
-209.1116625825,C_c3mim_A_dca-d6_43
-185.89749567849998,C_c3mim_A_dca-d7_32
-166.76810530400004,C_c3mim_A_dca-d8_21
-151.3510354035,C_c3mim_A_dca-d9_1
-138.44672653299995,C_c3mim_A_dca-d9_99
-127.505228335,C_c3mim_A_dca-d10_88
-118.12290956700001,C_c3mim_A_dca-d11_77
-109.996913553,C_c3mim_A_dca-d12_65
-102.896143783,C_c3mim_A_dca-d13_54
-96.641682934,C_c3mim_A_dca-d14_43
-360.9363565645,C_c3mim_A_dca_P2-d2_83
-321.5677349575,C_c3mim_A_dca_P2-d3_72
-274.75804727450003,C_c3mim_A_dca_P2-d4_6
-238.25723568799998,C_c3mim_A_dca_P2-d5_49
-210.03987660150003,C_c3mim_A_dca_P2-d6_37
-187.423743462,C_c3mim_A_dca_P2-d7_26
-168.8846390015,C_c3mim_A_dca_P2-d8_14
-153.109424646,C_c3mim_A_dca_P2-d9_03
-140.15888597149998,C_c3mim_A_dca_P2-d9_91
-129.1316074375,C_c3mim_A_dca_P2-d10_8
-119.6488422905,C_c3mim_A_dca_P2-d11_68
-111.4199188,C_c3mim_A_dca_P2-d12_57
-104.21978435700001,C_c3mim_A_dca_P2-d13_45
-97.8723256725,C_c3mim_A_dca_P2-d14_34
-356.370735463,C_c3mim_A_dca_P3-d3_36
-306.81953481150003,C_c3mim_A_dca_P3-d4_2
-257.33407668,C_c3mim_A_dca_P3-d5_04
-222.05616785799998,C_c3mim_A_dca_P3-d5_88
-195.675059842,C_c3mim_A_dca_P3-d6_72
-175.52720388600002,C_c3mim_A_dca_P3-d7_56
-159.181560273,C_c3mim_A_dca_P3-d8_4
-145.6031385245,C_c3mim_A_dca_P3-d9_24
-134.1314836135,C_c3mim_A_dca_P3-d10_08
-124.30986356,C_c3mim_A_dca_P3-d10_92
-115.8074417345,C_c3mim_A_dca_P3-d11_76
-108.37702731200001,C_c3mim_A_dca_P3-d12_6
-101.8296683085,C_c3mim_A_dca_P3-d13_44
-96.018231704,C_c3mim_A_dca_P3-d14_28
-368.95017021449996,C_c3mim_A_dca_P4-d2_7
-326.95675486700003,C_c3mim_A_dca_P4-d3_57
-276.9520988595,C_c3mim_A_dca_P4-d4_45
-237.9296756825,C_c3mim_A_dca_P4-d5_33
-208.5242069575,C_c3mim_A_dca_P4-d6_2
-185.055542462,C_c3mim_A_dca_P4-d7_08
-166.726013288,C_c3mim_A_dca_P4-d7_96
-151.6101459985,C_c3mim_A_dca_P4-d8_83
-138.92976602299998,C_c3mim_A_dca_P4-d9_71
-128.148160775,C_c3mim_A_dca_P4-d10_59
-118.87599485950001,C_c3mim_A_dca_P4-d11_46
-110.823021877,C_c3mim_A_dca_P4-d12_34
-103.768166851,C_c3mim_A_dca_P4-d13_22
-97.53997938049999,C_c3mim_A_dca_P4-d14_09
-344.143498409,C_c3mpyr_A_dca-d4_04
-300.2356367245,C_c3mpyr_A_dca-d4_85
-254.22019954849998,C_c3mpyr_A_dca-d5_66
-220.057611003,C_c3mpyr_A_dca-d6_46
-194.5677998505,C_c3mpyr_A_dca-d7_27
-174.749410013,C_c3mpyr_A_dca-d8_08
-158.7080592245,C_c3mpyr_A_dca-d8_89
-145.09862118363566,C_c3mpyr_A_dca-d9_7
-134.133859691,C_c3mpyr_A_dca-d10_5
-124.49268762700001,C_c3mpyr_A_dca-d11_31
-116.140257991,C_c3mpyr_A_dca-d12_12
-108.61919030450001,C_c3mpyr_A_dca-d12_93
-102.19954612299999,C_c3mpyr_A_dca-d13_74
-96.49385415649999,C_c3mpyr_A_dca-d14_55
-402.1116526074668,SSI-005ARG-071GLU-1-d5_92
-330.54068246061814,SSI-005ARG-071GLU-1-d6_57
-277.26057557701506,SSI-005ARG-071GLU-1-d7_22
-238.7403581408392,SSI-005ARG-071GLU-1-d7_88
-211.22350647983043,SSI-005ARG-071GLU-1-d8_53
-190.33131989813316,SSI-005ARG-071GLU-1-d9_18
-173.70336889116365,SSI-005ARG-071GLU-1-d9_83
-159.95615288615733,SSI-005ARG-071GLU-1-d10_48
-148.333475321011,SSI-005ARG-071GLU-1-d11_13
-138.35341955519178,SSI-005ARG-071GLU-1-d11_78
-129.67734491133353,SSI-005ARG-071GLU-1-d12_43
-122.05689383608052,SSI-005ARG-071GLU-1-d13_09
-115.30496310081672,SSI-005ARG-071GLU-1-d13_74
-109.27740207451849,SSI-005ARG-071GLU-1-d14_39
-285.2521116027993,SSI-010GLU-014LYS-1-d4_36
-256.59508735580016,SSI-010GLU-014LYS-1-d5_19
-221.78127730434,SSI-010GLU-014LYS-1-d6_02
-195.36817120511483,SSI-010GLU-014LYS-1-d6_85
-175.01864072203395,SSI-010GLU-014LYS-1-d7_68
-158.63448872749387,SSI-010GLU-014LYS-1-d8_51
-145.0749557889043,SSI-010GLU-014LYS-1-d9_34
-133.6460480280891,SSI-010GLU-014LYS-1-d10_16
-123.87806419525893,SSI-010GLU-014LYS-1-d10_99
-115.43308385701573,SSI-010GLU-014LYS-1-d11_82
-108.05969011457772,SSI-010GLU-014LYS-1-d12_65
-101.56654985786595,SSI-010GLU-014LYS-1-d13_48
-95.80538979704464,SSI-010GLU-014LYS-1-d14_31
-90.6594842023915,SSI-010GLU-014LYS-1-d15_14
-496.1523575633802,SSI-013ASP-023ARG-1-d4_96
-393.8784789238634,SSI-013ASP-023ARG-1-d5_7
-316.9138377443541,SSI-013ASP-023ARG-1-d6_45
-264.54171980837157,SSI-013ASP-023ARG-1-d7_19
-226.80871965505372,SSI-013ASP-023ARG-1-d7_94
-200.53113143480812,SSI-013ASP-023ARG-1-d8_68
-180.2502966723124,SSI-013ASP-023ARG-1-d9_42
-163.8731561501764,SSI-013ASP-023ARG-1-d10_17
-150.3160512487361,SSI-013ASP-023ARG-1-d10_91
-138.88707529216708,SSI-013ASP-023ARG-1-d11_66
-129.109189890195,SSI-013ASP-023ARG-1-d12_4
-120.64144242264368,SSI-013ASP-023ARG-1-d13_14
-113.23250379665713,SSI-013ASP-023ARG-1-d13_89
-106.69245450162896,SSI-013ASP-023ARG-1-d14_63
-333.8557605837054,SSI-020ASP-082LYS-1-d4_95
-285.6573955069981,SSI-020ASP-082LYS-1-d5_69
-244.6485154655307,SSI-020ASP-082LYS-1-d6_43
-213.73404003276562,SSI-020ASP-082LYS-1-d7_18
-190.9262105092582,SSI-020ASP-082LYS-1-d7_92
-172.89205361081818,SSI-020ASP-082LYS-1-d8_66
-158.0892024395383,SSI-020ASP-082LYS-1-d9_4
-145.6691975838081,SSI-020ASP-082LYS-1-d10_15
-135.08419776778445,SSI-020ASP-082LYS-1-d10_89
-125.94828712116691,SSI-020ASP-082LYS-1-d11_63
-117.97903387466314,SSI-020ASP-082LYS-1-d12_37
-110.96412296040127,SSI-020ASP-082LYS-1-d13_12
-104.74042983155908,SSI-020ASP-082LYS-1-d13_86
-99.18036303184792,SSI-020ASP-082LYS-1-d14_6
-425.5183906335178,SSI-030ASP-320ARG-1-d5_51
-349.5479739403296,SSI-030ASP-320ARG-1-d6_23
-289.57699529234674,SSI-030ASP-320ARG-1-d6_94
-246.32378390950456,SSI-030ASP-320ARG-1-d7_66
-215.58178208279892,SSI-030ASP-320ARG-1-d8_38
-192.60695084082957,SSI-030ASP-320ARG-1-d9_09
-174.5092516831668,SSI-030ASP-320ARG-1-d9_81
-159.67365716596282,SSI-030ASP-320ARG-1-d10_52
-147.23722824921612,SSI-030ASP-320ARG-1-d11_24
-136.6438345842918,SSI-030ASP-320ARG-1-d11_96
-127.50214697251197,SSI-030ASP-320ARG-1-d12_67
-119.52703146619473,SSI-030ASP-320ARG-1-d13_39
-112.5049265683224,SSI-030ASP-320ARG-1-d14_11
-106.2721955554905,SSI-030ASP-320ARG-1-d14_82
-519.7763032130366,SSI-042LYS-049GLU-1-d4_57
-427.7206617386005,SSI-042LYS-049GLU-1-d5_26
-349.63405575104804,SSI-042LYS-049GLU-1-d5_95
-294.2816627494118,SSI-042LYS-049GLU-1-d6_63
-253.1163719159326,SSI-042LYS-049GLU-1-d7_32
-223.57903350515483,SSI-042LYS-049GLU-1-d8_0
-200.83076799882576,SSI-042LYS-049GLU-1-d8_69
-182.47085689163652,SSI-042LYS-049GLU-1-d9_38
-167.24813609627057,SSI-042LYS-049GLU-1-d10_06
-154.40170934382516,SSI-042LYS-049GLU-1-d10_75
-143.40698655612826,SSI-042LYS-049GLU-1-d11_43
-133.8857951041901,SSI-042LYS-049GLU-1-d12_12
-125.55774087514402,SSI-042LYS-049GLU-1-d12_81
-118.21009599257427,SSI-042LYS-049GLU-1-d13_49
-322.41188751981537,SSI-046ARG-182GLU-1-d5_19
-272.86147426344843,SSI-046ARG-182GLU-1-d5_86
-235.1186927105917,SSI-046ARG-182GLU-1-d6_54
-207.3723001477819,SSI-046ARG-182GLU-1-d7_21
-186.4410495758674,SSI-046ARG-182GLU-1-d7_89
-169.9336042591692,SSI-046ARG-182GLU-1-d8_56
-156.36515715409658,SSI-046ARG-182GLU-1-d9_24
-144.9261532552456,SSI-046ARG-182GLU-1-d9_91
-135.11858598119898,SSI-046ARG-182GLU-1-d10_59
-126.60025512191427,SSI-046ARG-182GLU-1-d11_26
-119.12293410538814,SSI-046ARG-182GLU-1-d11_94
-112.50077866618666,SSI-046ARG-182GLU-1-d12_61
-106.59073573023822,SSI-046ARG-182GLU-1-d13_28
-101.28128923487186,SSI-046ARG-182GLU-1-d13_96
-485.4597829316197,SSI-048ASP-131LYS-1-d4_73
-388.26003446815076,SSI-048ASP-131LYS-1-d5_44
-318.5256340204524,SSI-048ASP-131LYS-1-d6_15
-269.03771394813486,SSI-048ASP-131LYS-1-d6_86
-234.2132113981807,SSI-048ASP-131LYS-1-d7_57
-208.2875366118647,SSI-048ASP-131LYS-1-d8_28
-187.87985203117648,SSI-048ASP-131LYS-1-d8_99
-171.21947113119674,SSI-048ASP-131LYS-1-d9_7
-157.3208397093281,SSI-048ASP-131LYS-1-d10_41
-145.5367518442791,SSI-048ASP-131LYS-1-d11_12
-135.4116815085687,SSI-048ASP-131LYS-1-d11_83
-126.61435142440016,SSI-048ASP-131LYS-1-d12_54
-118.89718646396572,SSI-048ASP-131LYS-1-d13_25
-112.07148894014529,SSI-048ASP-131LYS-1-d13_96
-501.8981971293617,SSI-080GLU-155ARG-1-d4_99
-403.4083575769355,SSI-080GLU-155ARG-1-d5_69
-326.6533063769217,SSI-080GLU-155ARG-1-d6_38
-273.7993427955763,SSI-080GLU-155ARG-1-d7_08
-235.10464303619818,SSI-080GLU-155ARG-1-d7_78
-208.09293243154838,SSI-080GLU-155ARG-1-d8_48
-187.3786177392077,SSI-080GLU-155ARG-1-d9_18
-170.65143877935702,SSI-080GLU-155ARG-1-d9_87
-156.77391034622542,SSI-080GLU-155ARG-1-d10_57
-145.0494704303269,SSI-080GLU-155ARG-1-d11_27
-134.99884560043148,SSI-080GLU-155ARG-1-d11_97
-126.27891014703856,SSI-080GLU-155ARG-1-d12_67
-118.63653836543469,SSI-080GLU-155ARG-1-d13_37
-111.88015759828843,SSI-080GLU-155ARG-1-d14_06
-501.898199201,SSI-080GLU-155ARG-d4_99
-396.88693686500005,SSI-080GLU-155ARG-d5_74
-317.9111853545,SSI-080GLU-155ARG-d6_48
-264.6491633895,SSI-080GLU-155ARG-d7_23
-226.527257832,SSI-080GLU-155ARG-d7_98
-200.130822147,SSI-080GLU-155ARG-d8_73
-179.802951409,SSI-080GLU-155ARG-d9_48
-163.40647286499996,SSI-080GLU-155ARG-d10_22
-149.84510899,SSI-080GLU-155ARG-d10_97
-138.4200645805,SSI-080GLU-155ARG-d11_72
-128.6506420925,SSI-080GLU-155ARG-d12_47
-120.193835704,SSI-080GLU-155ARG-d13_22
-112.7971064465,SSI-080GLU-155ARG-d13_96
-106.26980888850001,SSI-080GLU-155ARG-d14_71
-470.4997929831591,SSI-086ASP-115ARG-1-d5_65
-381.1144629229384,SSI-086ASP-115ARG-1-d6_32
-313.52057766554424,SSI-086ASP-115ARG-1-d7_0
-265.5657967533122,SSI-086ASP-115ARG-1-d7_68
-229.7439829907736,SSI-086ASP-115ARG-1-d8_35
-204.45165664296943,SSI-086ASP-115ARG-1-d9_03
-184.80005483733467,SSI-086ASP-115ARG-1-d9_71
-168.81519375652945,SSI-086ASP-115ARG-1-d10_39
-155.485332410504,SSI-086ASP-115ARG-1-d11_06
-144.17669334753134,SSI-086ASP-115ARG-1-d11_74
-134.44844198424417,SSI-086ASP-115ARG-1-d12_42
-125.98237995345477,SSI-086ASP-115ARG-1-d13_1
-118.54238699763116,SSI-086ASP-115ARG-1-d13_77
-111.94891390936596,SSI-086ASP-115ARG-1-d14_45
-475.9083128631156,SSI-106GLU-129LYS-1-d4_93
-380.81081544770495,SSI-106GLU-129LYS-1-d5_72
-305.3907564863518,SSI-106GLU-129LYS-1-d6_51
-255.802969412758,SSI-106GLU-129LYS-1-d7_3
-221.18230150438202,SSI-106GLU-129LYS-1-d8_09
-195.58451963834457,SSI-106GLU-129LYS-1-d8_88
-175.55847482160544,SSI-106GLU-129LYS-1-d9_67
-159.3533677427508,SSI-106GLU-129LYS-1-d10_46
-145.94114900599445,SSI-106GLU-129LYS-1-d11_25
-134.64347325258223,SSI-106GLU-129LYS-1-d12_04
-124.98946720707771,SSI-106GLU-129LYS-1-d12_83
-116.64030922722065,SSI-106GLU-129LYS-1-d13_62
-109.34553279259069,SSI-106GLU-129LYS-1-d14_41
-102.91556755429157,SSI-106GLU-129LYS-1-d15_2
-475.8668413380388,SSI-109ARG-115GLU-1-d4_49
-396.6601236134881,SSI-109ARG-115GLU-1-d5_21
-323.24301627289367,SSI-109ARG-115GLU-1-d5_92
-271.3568435835653,SSI-109ARG-115GLU-1-d6_64
-233.36910663111587,SSI-109ARG-115GLU-1-d7_36
-206.55374159499453,SSI-109ARG-115GLU-1-d8_08
-185.86696560029426,SSI-109ARG-115GLU-1-d8_8
-169.1473326527681,SSI-109ARG-115GLU-1-d9_51
-155.2767424801697,SSI-109ARG-115GLU-1-d10_23
-143.56096475512183,SSI-109ARG-115GLU-1-d10_95
-133.52167486058778,SSI-109ARG-115GLU-1-d11_67
-124.81581402728727,SSI-109ARG-115GLU-1-d12_39
-117.18992927489069,SSI-109ARG-115GLU-1-d13_1
-110.45200171907864,SSI-109ARG-115GLU-1-d13_82
-408.20437218226544,SSI-127GLU-146ARG-2-d5_33
-337.1991400905554,SSI-127GLU-146ARG-2-d6_02
-282.1636131515664,SSI-127GLU-146ARG-2-d6_71
-242.7878751156917,SSI-127GLU-146ARG-2-d7_41
-212.9380168437543,SSI-127GLU-146ARG-2-d8_1
-191.1437997526675,SSI-127GLU-146ARG-2-d8_79
-173.81672304495083,SSI-127GLU-146ARG-2-d9_48
-159.51905352018468,SSI-127GLU-146ARG-2-d10_18
-147.46975188529262,SSI-127GLU-146ARG-2-d10_87
-137.15959647709292,SSI-127GLU-146ARG-2-d11_56
-128.2276052376914,SSI-127GLU-146ARG-2-d12_25
-120.40870658570415,SSI-127GLU-146ARG-2-d12_95
-113.50323506869282,SSI-127GLU-146ARG-2-d13_64
-107.35743682804713,SSI-127GLU-146ARG-2-d14_33
-388.43373378896865,SSI-138ARG-142GLU-1-d5_2
-321.7165368693548,SSI-138ARG-142GLU-1-d5_88
-271.50549969428744,SSI-138ARG-142GLU-1-d6_55
-208.2186783822346,SSI-138ARG-142GLU-1-d7_9
-234.83548230892632,SSI-138ARG-142GLU-1-d7_23
-187.81981929556198,SSI-138ARG-142GLU-1-d8_58
-171.43824919087308,SSI-138ARG-142GLU-1-d9_25
-157.83414369511968,SSI-138ARG-142GLU-1-d9_93
-146.30766957742415,SSI-138ARG-142GLU-1-d10_61
-136.3978744226332,SSI-138ARG-142GLU-1-d11_28
-127.77627686859604,SSI-138ARG-142GLU-1-d11_96
-120.20041025349093,SSI-138ARG-142GLU-1-d12_63
-113.48680664308351,SSI-138ARG-142GLU-1-d13_31
-107.49355065726931,SSI-138ARG-142GLU-1-d13_99
-466.7425692609933,SSI-141LYS-144GLU-1-d4_56
-372.79731508678105,SSI-141LYS-144GLU-1-d5_28
-304.7318812870201,SSI-141LYS-144GLU-1-d6_01
-257.6890419686834,SSI-141LYS-144GLU-1-d6_74
-224.83518035906098,SSI-141LYS-144GLU-1-d7_47
-200.22842515896733,SSI-141LYS-144GLU-1-d8_2
-180.792370934456,SSI-141LYS-144GLU-1-d8_93
-164.90762839470673,SSI-141LYS-144GLU-1-d9_66
-151.6437143785141,SSI-141LYS-144GLU-1-d10_39
-140.38619933069134,SSI-141LYS-144GLU-1-d11_12
-130.7034148520967,SSI-141LYS-144GLU-1-d11_84
-122.28182095411287,SSI-141LYS-144GLU-1-d12_57
-114.88732027430464,SSI-141LYS-144GLU-1-d13_3
-108.34109245510479,SSI-141LYS-144GLU-1-d14_03
-513.732612238072,SSI-144LYS-161GLU-1-d4_73
-417.9935343213134,SSI-144LYS-161GLU-1-d5_44
-341.4622713845526,SSI-144LYS-161GLU-1-d6_15
-286.51265780910734,SSI-144LYS-161GLU-1-d6_86
-247.84682579877102,SSI-144LYS-161GLU-1-d7_57
-219.16118606598837,SSI-144LYS-161GLU-1-d8_28
-196.78355391799624,SSI-144LYS-161GLU-1-d8_99
-178.64849422684804,SSI-144LYS-161GLU-1-d9_7
-163.60977567467418,SSI-144LYS-161GLU-1-d10_41
-150.9263886826937,SSI-144LYS-161GLU-1-d11_12
-140.07992895001718,SSI-144LYS-161GLU-1-d11_83
-130.69528535935967,SSI-144LYS-161GLU-1-d12_54
-122.49391883313992,SSI-144LYS-161GLU-1-d13_25
-115.26428060199792,SSI-144LYS-161GLU-1-d13_96
-282.1389874471653,SSI-153ASP-156ARG-1-d5_36
-247.0855437603637,SSI-153ASP-156ARG-1-d6_05
-217.63937295812022,SSI-153ASP-156ARG-1-d6_75
-195.2982005471651,SSI-153ASP-156ARG-1-d7_45
-177.39489708890136,SSI-153ASP-156ARG-1-d8_14
-162.68311717980419,SSI-153ASP-156ARG-1-d8_84
-150.10787147499903,SSI-153ASP-156ARG-1-d9_54
-139.5300467314693,SSI-153ASP-156ARG-1-d10_23
-130.36086767258746,SSI-153ASP-156ARG-1-d10_93
-122.33158499704813,SSI-153ASP-156ARG-1-d11_63
-115.2396661136618,SSI-153ASP-156ARG-1-d12_32
-108.92865579944932,SSI-153ASP-156ARG-1-d13_02
-103.27548676300272,SSI-153ASP-156ARG-1-d13_71
-98.18188734469669,SSI-153ASP-156ARG-1-d14_41
-479.70075509984713,SSI-156ARG-197GLU-1-d5_53
-392.491724800362,SSI-156ARG-197GLU-1-d6_2
-323.0083187694962,SSI-156ARG-197GLU-1-d6_86
-273.4323849048158,SSI-156ARG-197GLU-1-d7_53
-236.14138171198482,SSI-156ARG-197GLU-1-d8_19
-209.79975711444183,SSI-156ARG-197GLU-1-d8_85
-189.46751332248334,SSI-156ARG-197GLU-1-d9_52
-172.98678045940525,SSI-156ARG-197GLU-1-d10_18
-159.26273305230328,SSI-156ARG-197GLU-1-d10_85
-147.6304205060057,SSI-156ARG-197GLU-1-d11_51
-137.6312574364572,SSI-156ARG-197GLU-1-d12_17
-128.9347494554645,SSI-156ARG-197GLU-1-d12_84
-121.29609927388478,SSI-156ARG-197GLU-1-d13_5
-114.5294775345533,SSI-156ARG-197GLU-1-d14_17
-503.36931031998665,SSI-161ARG-292GLU-1-d4_99
-398.36943043884384,SSI-161ARG-292GLU-1-d5_73
-319.0070240358157,SSI-161ARG-292GLU-1-d6_48
-265.56861267421743,SSI-161ARG-292GLU-1-d7_23
-227.24514070805589,SSI-161ARG-292GLU-1-d7_98
-200.74187496687497,SSI-161ARG-292GLU-1-d8_73
-180.3296369045121,SSI-161ARG-292GLU-1-d9_47
-163.86567319741212,SSI-161ARG-292GLU-1-d10_22
-150.24906008912026,SSI-161ARG-292GLU-1-d10_97
-138.7782977836562,SSI-161ARG-292GLU-1-d11_72
-128.97061516977752,SSI-161ARG-292GLU-1-d12_47
-120.4814575310693,SSI-161ARG-292GLU-1-d13_21
-113.05713016084749,SSI-161ARG-292GLU-1-d13_96
-106.5061005532136,SSI-161ARG-292GLU-1-d14_71
-484.2539939264685,SSI-180GLU-194ARG-1-d5_58
-385.2781541643651,SSI-180GLU-194ARG-1-d6_3
-311.8064595152789,SSI-180GLU-194ARG-1-d7_03
-261.33401453678755,SSI-180GLU-194ARG-1-d7_75
-224.66365633413204,SSI-180GLU-194ARG-1-d8_48
-199.0900517711393,SSI-180GLU-194ARG-1-d9_2
-179.29813182774532,SSI-180GLU-194ARG-1-d9_93
-163.28192575237895,SSI-180GLU-194ARG-1-d10_65
-149.99821389354878,SSI-180GLU-194ARG-1-d11_38
-138.78065866435767,SSI-180GLU-194ARG-1-d12_1
-129.1686397269902,SSI-180GLU-194ARG-1-d12_83
-120.83233930897758,SSI-180GLU-194ARG-1-d13_55
-113.52837265949393,SSI-180GLU-194ARG-1-d14_28
-107.07262123555748,SSI-180GLU-194ARG-1-d15_0
-480.32929515906005,SSI-211ASP-214LYS-1-d4_3
-392.3439013695616,SSI-211ASP-214LYS-1-d4_99
-322.9536145470476,SSI-211ASP-214LYS-1-d5_68
-274.1492191938454,SSI-211ASP-214LYS-1-d6_37
-238.07956331651542,SSI-211ASP-214LYS-1-d7_06
-211.8409770070335,SSI-211ASP-214LYS-1-d7_75
-191.25246087075848,SSI-211ASP-214LYS-1-d8_44
-174.45195703127254,SSI-211ASP-214LYS-1-d9_13
-160.42407481579303,SSI-211ASP-214LYS-1-d9_81
-148.517543822281,SSI-211ASP-214LYS-1-d10_5
-138.27640432620373,SSI-211ASP-214LYS-1-d11_19
-129.36910415254235,SSI-211ASP-214LYS-1-d11_88
-121.54805655634284,SSI-211ASP-214LYS-1-d12_57
-114.62415687842814,SSI-211ASP-214LYS-1-d13_26
-20.59825523,S66_01WaterWater-d3_16
-9.607738947,S66_01WaterWater-d4_04
-4.321714777,S66_01WaterWater-d4_93
-2.2341823525,S66_01WaterWater-d5_81
-1.2372878790000001,S66_01WaterWater-d6_69
-0.8019563495,S66_01WaterWater-d7_58
-0.5500921345,S66_01WaterWater-d8_46
-0.39387751,S66_01WaterWater-d9_35
-0.291787568,S66_01WaterWater-d10_23
-0.2221173,S66_01WaterWater-d11_11
-0.17328300000000002,S66_01WaterWater-d12_0
-0.1375762,S66_01WaterWater-d12_88
-0.11105865,S66_01WaterWater-d13_77
-0.09110485,S66_01WaterWater-d14_65
-23.846865145,S66_02WaterMeOH-d3_25
-13.188952452999999,S66_02WaterMeOH-d4_06
-5.933708765,S66_02WaterMeOH-d4_87
-2.9008598145,S66_02WaterMeOH-d5_68
-1.6110383059999998,S66_02WaterMeOH-d6_49
-0.92984708,S66_02WaterMeOH-d7_3
-0.6144011315,S66_02WaterMeOH-d8_11
-0.42622629549999996,S66_02WaterMeOH-d8_92
-0.3072858945,S66_02WaterMeOH-d9_74
-0.22868105,S66_02WaterMeOH-d10_55
-0.17459575000000002,S66_02WaterMeOH-d11_36
-0.13626345,S66_02WaterMeOH-d12_17
-0.10817060000000002,S66_02WaterMeOH-d12_98
-0.08742914999999997,S66_02WaterMeOH-d13_79
-29.319901054499997,S66_03WaterMeNH2-d3_31
-16.281413381,S66_03WaterMeNH2-d4_13
-7.339895058999999,S66_03WaterMeNH2-d4_96
-3.595958314,S66_03WaterMeNH2-d5_79
-2.0023533280000003,S66_03WaterMeNH2-d6_62
-1.2475220779999998,S66_03WaterMeNH2-d7_44
-0.8329188710000001,S66_03WaterMeNH2-d8_27
-0.5516936895000001,S66_03WaterMeNH2-d9_1
-0.40154397,S66_03WaterMeNH2-d9_92
-0.3013522645,S66_03WaterMeNH2-d10_75
-0.23183165,S66_03WaterMeNH2-d11_58
-0.18220970000000006,S66_03WaterMeNH2-d12_4
-0.14597780000000002,S66_03WaterMeNH2-d13_23
-0.11867260000000002,S66_03WaterMeNH2-d14_06
-33.1814917055,S66_04WaterPeptide-d4_05
-19.296600593,S66_04WaterPeptide-d4_86
-9.2086708235,S66_04WaterPeptide-d5_67
-4.789725905,S66_04WaterPeptide-d6_48
-2.5278130215,S66_04WaterPeptide-d7_29
-1.6054801225,S66_04WaterPeptide-d8_09
-1.085407955,S66_04WaterPeptide-d8_9
-0.7669321795,S66_04WaterPeptide-d9_71
-0.5610982305,S66_04WaterPeptide-d10_52
-0.4223300535,S66_04WaterPeptide-d11_33
-0.325488486,S66_04WaterPeptide-d12_14
-0.25598625,S66_04WaterPeptide-d12_95
-0.204789,S66_04WaterPeptide-d13_76
-0.16619415,S66_04WaterPeptide-d14_57
-24.889514206999998,S66_05MeOHMeOH-d3_88
-13.687587413,S66_05MeOHMeOH-d4_71
-6.145597117,S66_05MeOHMeOH-d5_53
-2.9800790260000003,S66_05MeOHMeOH-d6_36
-1.6388187215,S66_05MeOHMeOH-d7_18
-1.00561901,S66_05MeOHMeOH-d8_0
-0.659651624,S66_05MeOHMeOH-d8_83
-0.425115709,S66_05MeOHMeOH-d9_65
-0.3041405455,S66_05MeOHMeOH-d10_48
-0.22448025,S66_05MeOHMeOH-d11_3
-0.17013240000000002,S66_05MeOHMeOH-d12_13
-0.13206265,S66_05MeOHMeOH-d12_95
-0.10423235,S66_05MeOHMeOH-d13_78
-0.08375345000000001,S66_05MeOHMeOH-d14_6
-31.866601923,S66_06MeOHMeNH2-d3_48
-17.1965497845,S66_06MeOHMeNH2-d4_31
-7.474071236499999,S66_06MeOHMeNH2-d5_14
-3.5274248875,S66_06MeOHMeNH2-d5_96
-1.8860305505000003,S66_06MeOHMeNH2-d6_79
-1.1374952495,S66_06MeOHMeNH2-d7_62
-0.7396217285000001,S66_06MeOHMeNH2-d8_44
-0.5068685279999999,S66_06MeOHMeNH2-d9_27
-0.361972434,S66_06MeOHMeNH2-d10_1
-0.267254896,S66_06MeOHMeNH2-d10_93
-0.20295115,S66_06MeOHMeNH2-d11_75
-0.15752999999999998,S66_06MeOHMeNH2-d12_58
-0.12471125,S66_06MeOHMeNH2-d13_41
-0.10055664999999997,S66_06MeOHMeNH2-d14_23
-34.800556165,S66_07MeOHPeptide-d4_57
-21.344314684500002,S66_07MeOHPeptide-d5_32
-10.5642374775,S66_07MeOHPeptide-d6_06
-5.476488442000001,S66_07MeOHPeptide-d6_8
-3.1115299345,S66_07MeOHPeptide-d7_55
-1.9497356825,S66_07MeOHPeptide-d8_29
-1.204721177,S66_07MeOHPeptide-d9_03
-0.84577857,S66_07MeOHPeptide-d9_77
-0.6151572755,S66_07MeOHPeptide-d10_52
-0.4605205765,S66_07MeOHPeptide-d11_26
-0.35315863049999996,S66_07MeOHPeptide-d12_0
-0.27641264,S66_07MeOHPeptide-d12_75
-0.22027945,S66_07MeOHPeptide-d13_49
-0.1780089,S66_07MeOHPeptide-d14_23
-22.002141586,S66_08MeOHWater-d3_65
-12.205513667,S66_08MeOHWater-d4_47
-5.6763730080000006,S66_08MeOHWater-d5_29
-2.8748174800000004,S66_08MeOHWater-d6_11
-1.6516705440000001,S66_08MeOHWater-d6_93
-1.0465479295,S66_08MeOHWater-d7_75
-0.7041801040000001,S66_08MeOHWater-d8_57
-0.4620276135000001,S66_08MeOHWater-d9_39
-0.336552343,S66_08MeOHWater-d10_21
-0.25231055,S66_08MeOHWater-d11_03
-0.1937619,S66_08MeOHWater-d11_85
-0.15201645,S66_08MeOHWater-d12_67
-0.12129810000000002,S66_08MeOHWater-d13_49
-0.0981937,S66_08MeOHWater-d14_31
-12.422616262,S66_09MeNH2MeOH-d3_67
-6.735588975,S66_09MeNH2MeOH-d4_5
-3.0544961980000003,S66_09MeNH2MeOH-d5_33
-1.436384795,S66_09MeNH2MeOH-d6_15
-0.7985957095,S66_09MeNH2MeOH-d6_98
-0.499753423,S66_09MeNH2MeOH-d7_81
-0.33468298700000004,S66_09MeNH2MeOH-d8_63
-0.23550735,S66_09MeNH2MeOH-d9_46
-0.1722328,S66_09MeNH2MeOH-d10_28
-0.12996225,S66_09MeNH2MeOH-d11_11
-0.10055664999999997,S66_09MeNH2MeOH-d11_94
-0.07955264999999999,S66_09MeNH2MeOH-d12_76
-0.0640622,S66_09MeNH2MeOH-d13_59
-0.0493594,S66_09MeNH2MeOH-d14_42
-15.83192253,S66_10MeNH2MeNH2-d3_63
-9.1788083865,S66_10MeNH2MeNH2-d4_45
-3.9343301285,S66_10MeNH2MeNH2-d5_26
-1.7868365350000002,S66_10MeNH2MeNH2-d6_08
-0.9002235634999999,S66_10MeNH2MeNH2-d6_89
-0.5100086260000001,S66_10MeNH2MeNH2-d7_71
-0.310460124,S66_10MeNH2MeNH2-d8_53
-0.1990129,S66_10MeNH2MeNH2-d9_34
-0.13311285,S66_10MeNH2MeNH2-d10_16
-0.0918925,S66_10MeNH2MeNH2-d10_98
-0.06537495,S66_10MeNH2MeNH2-d11_79
-0.0477841,S66_10MeNH2MeNH2-d12_61
-0.035444250000000004,S66_10MeNH2MeNH2-d13_43
-0.02704265,S66_10MeNH2MeNH2-d14_24
-21.8583718315,S66_11MeNH2Peptide-d3_84
-12.580162015,S66_11MeNH2Peptide-d4_66
-5.654646995499999,S66_11MeNH2Peptide-d5_47
-2.7110204115,S66_11MeNH2Peptide-d6_29
-1.4852243459999999,S66_11MeNH2Peptide-d7_11
-0.9031798765000001,S66_11MeNH2Peptide-d7_92
-0.58737686,S66_11MeNH2Peptide-d8_74
-0.4013890655,S66_11MeNH2Peptide-d9_55
-0.2551986,S66_11MeNH2Peptide-d10_37
-0.18693560000000006,S66_11MeNH2Peptide-d11_19
-0.14046425,S66_11MeNH2Peptide-d12_0
-0.10817060000000002,S66_11MeNH2Peptide-d12_82
-0.08480364999999998,S66_11MeNH2Peptide-d13_63
-0.06747535,S66_11MeNH2Peptide-d14_45
-30.667840631,S66_12MeNH2Water-d3_12
-16.2688188575,S66_12MeNH2Water-d3_98
-6.766273193500002,S66_12MeNH2Water-d4_84
-3.0198894825,S66_12MeNH2Water-d5_7
-1.5191536825,S66_12MeNH2Water-d6_55
-0.8587931735,S66_12MeNH2Water-d7_41
-0.5231124965,S66_12MeNH2Water-d8_27
-0.33643157,S66_12MeNH2Water-d9_13
-0.22605555,S66_12MeNH2Water-d9_99
-0.15726745,S66_12MeNH2Water-d10_85
-0.10764549999999999,S66_12MeNH2Water-d11_7
-0.0792901,S66_12MeNH2Water-d12_56
-0.05959885,S66_12MeNH2Water-d13_42
-0.0456837,S66_12MeNH2Water-d14_28
-26.191539039499997,S66_13PeptideMeOH-d3_85
-15.399581445,S66_13PeptideMeOH-d4_67
-7.68924934,S66_13PeptideMeOH-d5_49
-4.182962353,S66_13PeptideMeOH-d6_31
-2.5824549275,S66_13PeptideMeOH-d7_12
-1.6233177694999998,S66_13PeptideMeOH-d7_94
-1.158696162,S66_13PeptideMeOH-d8_76
-0.8598591265000001,S66_13PeptideMeOH-d9_58
-0.6576588695000001,S66_13PeptideMeOH-d10_4
-0.5153515185,S66_13PeptideMeOH-d11_22
-0.4119593285,S66_13PeptideMeOH-d12_03
-0.33485627,S66_13PeptideMeOH-d12_85
-0.2760844525,S66_13PeptideMeOH-d13_67
-0.23051890000000005,S66_13PeptideMeOH-d14_49
-31.379650438000002,S66_14PeptideMeNH2-d3_75
-18.519428963499998,S66_14PeptideMeNH2-d4_57
-9.0942620355,S66_14PeptideMeNH2-d5_4
-4.7992223385,S66_14PeptideMeNH2-d6_22
-2.837125802,S66_14PeptideMeNH2-d7_05
-1.8640918725,S66_14PeptideMeNH2-d7_87
-1.303203682,S66_14PeptideMeNH2-d8_69
-0.8973460154999999,S66_14PeptideMeNH2-d9_52
-0.675782696,S66_14PeptideMeNH2-d10_34
-0.5224823765000001,S66_14PeptideMeNH2-d11_17
-0.4127732335,S66_14PeptideMeNH2-d11_99
-0.332052236,S66_14PeptideMeNH2-d12_82
-0.2712535325,S66_14PeptideMeNH2-d13_64
-0.22448025,S66_14PeptideMeNH2-d14_47
-35.4048386195,S66_15PeptidePeptide-d4_65
-22.820446924000002,S66_15PeptidePeptide-d5_41
-12.407052297999996,S66_15PeptidePeptide-d6_17
-7.150139672000001,S66_15PeptidePeptide-d6_92
-4.523602599499999,S66_15PeptidePeptide-d7_68
-2.8964804805,S66_15PeptidePeptide-d8_44
-2.116562578,S66_15PeptidePeptide-d9_19
-1.6054459909999999,S66_15PeptidePeptide-d9_95
-1.2525236555,S66_15PeptidePeptide-d10_71
-0.999302057,S66_15PeptidePeptide-d11_46
-0.811977883,S66_15PeptidePeptide-d12_22
-0.6699042015,S66_15PeptidePeptide-d12_97
-0.5598931260000001,S66_15PeptidePeptide-d13_73
-0.473193865,S66_15PeptidePeptide-d14_49
-22.299374440999998,S66_16PeptideWater-d3_81
-13.343423745499999,S66_16PeptideWater-d4_62
-6.97794888,S66_16PeptideWater-d5_43
-3.991820702,S66_16PeptideWater-d6_24
-2.379453893,S66_16PeptideWater-d7_05
-1.6510167944999998,S66_16PeptideWater-d7_86
-1.2019880315,S66_16PeptideWater-d8_67
-0.905965532,S66_16PeptideWater-d9_47
-0.701696381,S66_16PeptideWater-d10_28
-0.5556109355,S66_16PeptideWater-d11_09
-0.4480547025,S66_16PeptideWater-d11_9
-0.366945131,S66_16PeptideWater-d12_71
-0.304526494,S66_16PeptideWater-d13_52
-0.2557237,S66_16PeptideWater-d14_33
-72.0132510725,S66_17UracilUracilBP-d6_02
-45.28203000600001,S66_17UracilUracilBP-d6_7
-23.2672518885,S66_17UracilUracilBP-d7_37
-12.380301078499999,S66_17UracilUracilBP-d8_05
-6.919158684,S66_17UracilUracilBP-d8_73
-4.159411618,S66_17UracilUracilBP-d9_4
-2.682924936,S66_17UracilUracilBP-d10_08
-1.817045538,S66_17UracilUracilBP-d10_76
-1.2772401125,S66_17UracilUracilBP-d11_44
-0.9264785635,S66_17UracilUracilBP-d12_11
-0.6907086634999999,S66_17UracilUracilBP-d12_79
-0.527520711,S66_17UracilUracilBP-d13_47
-0.411599635,S66_17UracilUracilBP-d14_14
-0.32732371050000003,S66_17UracilUracilBP-d14_82
-28.836732915,S66_18WaterPyridine-d4_31
-16.907479609000006,S66_18WaterPyridine-d5_06
-8.082160666,S66_18WaterPyridine-d5_82
-4.134503499499998,S66_18WaterPyridine-d6_57
-2.3313888645,S66_18WaterPyridine-d7_33
-1.4607100525,S66_18WaterPyridine-d8_08
-0.9840400255,S66_18WaterPyridine-d8_84
-0.6957968825,S66_18WaterPyridine-d9_59
-0.510586236,S66_18WaterPyridine-d10_34
-0.3724192985000001,S66_18WaterPyridine-d11_1
-0.288552952,S66_18WaterPyridine-d11_85
-0.22815595,S66_18WaterPyridine-d12_61
-0.183785,S66_18WaterPyridine-d13_36
-0.15017860000000002,S66_18WaterPyridine-d14_12
-31.444600057,S66_19MeOHPyridine-d4_73
-17.7309598075,S66_19MeOHPyridine-d5_5
-8.314388766499999,S66_19MeOHPyridine-d6_27
-4.2093039945,S66_19MeOHPyridine-d7_04
-2.300452598,S66_19MeOHPyridine-d7_81
-1.4047238905000001,S66_19MeOHPyridine-d8_58
-0.9268146275,S66_19MeOHPyridine-d9_35
-0.643215994,S66_19MeOHPyridine-d10_12
-0.464020368,S66_19MeOHPyridine-d10_89
-0.34541340550000005,S66_19MeOHPyridine-d11_66
-0.263873252,S66_19MeOHPyridine-d12_42
-0.20610175,S66_19MeOHPyridine-d13_19
-0.1638312,S66_19MeOHPyridine-d13_96
-0.13232520000000003,S66_19MeOHPyridine-d14_73
-80.5963676405,S66_20AcOHAcOH-d4_96
-43.604296123500006,S66_20AcOHAcOH-d5_71
-19.256761256,S66_20AcOHAcOH-d6_45
-9.115938163500001,S66_20AcOHAcOH-d7_19
-4.246089875,S66_20AcOHAcOH-d7_94
-2.4295353055000004,S66_20AcOHAcOH-d8_68
-1.522469689,S66_20AcOHAcOH-d9_43
-1.011542138,S66_20AcOHAcOH-d10_17
-0.7021138355,S66_20AcOHAcOH-d10_92
-0.5048180125,S66_20AcOHAcOH-d11_66
-0.3736742875,S66_20AcOHAcOH-d12_4
-0.2834253505,S66_20AcOHAcOH-d13_15
-0.21949179999999996,S66_20AcOHAcOH-d13_89
-0.17302045000000002,S66_20AcOHAcOH-d14_64
-67.1482888395,S66_21AcNH2AcNH2-d5_07
-42.23800430199999,S66_21AcNH2AcNH2-d5_76
-22.126159704000006,S66_21AcNH2AcNH2-d6_46
-12.1192371115,S66_21AcNH2AcNH2-d7_16
-6.629747193500002,S66_21AcNH2AcNH2-d7_86
-4.2129980730000005,S66_21AcNH2AcNH2-d8_55
-2.8765660630000003,S66_21AcNH2AcNH2-d9_25
-2.055314914,S66_21AcNH2AcNH2-d9_95
-1.5180509725,S66_21AcNH2AcNH2-d10_64
-1.1516099375,S66_21AcNH2AcNH2-d11_34
-0.8933211240000001,S66_21AcNH2AcNH2-d12_04
-0.7062043645000001,S66_21AcNH2AcNH2-d12_73
-0.5674466895,S66_21AcNH2AcNH2-d13_43
-0.462460821,S66_21AcNH2AcNH2-d14_13
-81.92293827249998,S66_22AcOHUracil-d5_45
-50.0291151655,S66_22AcOHUracil-d6_13
-25.415107800999998,S66_22AcOHUracil-d6_81
-13.667150521000002,S66_22AcOHUracil-d7_49
-7.00856221,S66_22AcOHUracil-d8_17
-4.3151904095,S66_22AcOHUracil-d8_85
-2.868773579,S66_22AcOHUracil-d9_53
-1.454253948,S66_22AcOHUracil-d10_9
-2.005535434,S66_22AcOHUracil-d10_22
-1.0862244854999998,S66_22AcOHUracil-d11_58
-0.8317636509999999,S66_22AcOHUracil-d12_26
-0.6505542665,S66_22AcOHUracil-d12_94
-0.5182001860000001,S66_22AcOHUracil-d13_62
-0.41938686799999997,S66_22AcOHUracil-d14_3
-80.1565648845,S66_23AcNH2Uracil-d5_45
-51.640985755,S66_23AcNH2Uracil-d6_13
-27.995015993499997,S66_23AcNH2Uracil-d6_81
-15.965796775,S66_23AcNH2Uracil-d7_49
-8.689696115,S66_23AcNH2Uracil-d8_17
-5.63017471,S66_23AcNH2Uracil-d8_85
-3.910658620500001,S66_23AcNH2Uracil-d9_53
-2.132315578,S66_23AcNH2Uracil-d10_9
-2.841095558000001,S66_23AcNH2Uracil-d10_21
-1.6429171270000005,S66_23AcNH2Uracil-d11_58
-1.293888408,S66_23AcNH2Uracil-d12_26
-1.0381200745,S66_23AcNH2Uracil-d12_94
-0.8463036700000001,S66_23AcNH2Uracil-d13_62
-0.6995355944999999,S66_23AcNH2Uracil-d14_3
-14.3019990465,S66_24BenzeneBenzene-d3_93
-6.247876095,S66_24BenzeneBenzene-d4_72
-2.2039680985,S66_24BenzeneBenzene-d5_5
-0.8795661295,S66_24BenzeneBenzene-d6_29
-0.39573111299999997,S66_24BenzeneBenzene-d7_07
-0.19139895000000004,S66_24BenzeneBenzene-d7_86
-0.0981937,S66_24BenzeneBenzene-d8_64
-0.05277255,S66_24BenzeneBenzene-d9_43
-0.02966815,S66_24BenzeneBenzene-d10_22
-0.017144515,S66_24BenzeneBenzene-d11_0
-0.010160685,S66_24BenzeneBenzene-d11_79
-0.006117415,S66_24BenzeneBenzene-d12_57
-0.00372821,S66_24BenzeneBenzene-d13_36
-0.0022815595,S66_24BenzeneBenzene-d14_15
-19.6702328725,S66_25PyridinePyridinePiPi-d3_59
-9.9435430225,S66_25PyridinePyridinePiPi-d4_4
-4.0637567765,S66_25PyridinePyridinePiPi-d5_2
-1.9269148365,S66_25PyridinePyridinePiPi-d6_01
-1.07020631,S66_25PyridinePyridinePiPi-d6_82
-0.6545371500000001,S66_25PyridinePyridinePiPi-d7_63
-0.450394023,S66_25PyridinePyridinePiPi-d8_43
-0.31180963100000003,S66_25PyridinePyridinePiPi-d9_24
-0.2247428,S66_25PyridinePyridinePiPi-d10_05
-0.1675069,S66_25PyridinePyridinePiPi-d10_86
-0.12786185,S66_25PyridinePyridinePiPi-d11_67
-0.099769,S66_25PyridinePyridinePiPi-d12_47
-0.0792901,S66_25PyridinePyridinePiPi-d13_28
-0.06379965,S66_25PyridinePyridinePiPi-d14_09
-38.149344658000004,S66_26UracilUracil-d3_28
-22.741175202500006,S66_26UracilUracil-d4_13
-10.0194094705,S66_26UracilUracil-d4_98
-5.0045154345,S66_26UracilUracil-d5_83
-2.8481502764999997,S66_26UracilUracil-d6_69
-1.762209345,S66_26UracilUracil-d7_54
-1.1560050245,S66_26UracilUracil-d8_39
-0.7933079525000001,S66_26UracilUracil-d9_24
-0.5644693725,S66_26UracilUracil-d10_09
-0.4138286844999999,S66_26UracilUracil-d10_95
-0.31112175000000003,S66_26UracilUracil-d11_8
-0.18299735,S66_26UracilUracil-d12_65
-0.1423021,S66_26UracilUracil-d13_5
-0.11263395,S66_26UracilUracil-d14_35
-17.62818509614355,S66_27BenzenePyridinePiPi-d3_74
-9.277818820064349,S66_27BenzenePyridinePiPi-d4_49
-3.8376944275626776,S66_27BenzenePyridinePiPi-d5_23
-1.7233540876047615,S66_27BenzenePyridinePiPi-d5_98
-0.8940863149197462,S66_27BenzenePyridinePiPi-d6_73
-0.5126541643387589,S66_27BenzenePyridinePiPi-d7_48
-0.3156147014359927,S66_27BenzenePyridinePiPi-d8_22
-0.2056659739341808,S66_27BenzenePyridinePiPi-d8_97
-0.14030188903788274,S66_27BenzenePyridinePiPi-d9_72
-0.09936038114659153,S66_27BenzenePyridinePiPi-d10_47
-0.07257521937328587,S66_27BenzenePyridinePiPi-d11_21
-0.0543961487029998,S66_27BenzenePyridinePiPi-d11_96
-0.041675977367875684,S66_27BenzenePyridinePiPi-d12_71
-0.034004689538039784,S66_27BenzenePyridinePiPi-d13_46
-25.2588025373482,S66_28BenzeneUracilPiPi-d3_53
-12.655341187166655,S66_28BenzeneUracilPiPi-d4_35
-4.602021426476584,S66_28BenzeneUracilPiPi-d5_16
-1.920753850964512,S66_28BenzeneUracilPiPi-d5_97
-0.7467233986356249,S66_28BenzeneUracilPiPi-d6_79
-0.31742498075804154,S66_28BenzeneUracilPiPi-d7_6
-0.12414465441683642,S66_28BenzeneUracilPiPi-d8_41
-0.03482138882071319,S66_28BenzeneUracilPiPi-d9_22
0.006232757986188703,S66_28BenzeneUracilPiPi-d10_04
0.024117873201987883,S66_28BenzeneUracilPiPi-d10_85
0.03070982161310386,S66_28BenzeneUracilPiPi-d11_66
0.031841799454044716,S66_28BenzeneUracilPiPi-d12_47
0.030419968139830868,S66_28BenzeneUracilPiPi-d13_29
0.02791489096840012,S66_28BenzeneUracilPiPi-d14_1
-27.687548939499997,S66_29PyridineUracil-d3_69
-14.596745553,S66_29PyridineUracil-d4_5
-6.704040966999999,S66_29PyridineUracil-d5_31
-3.4627955794999994,S66_29PyridineUracil-d6_12
-2.0022666865,S66_29PyridineUracil-d6_93
-1.2519224159999998,S66_29PyridineUracil-d7_75
-0.8302356099999999,S66_29PyridineUracil-d8_56
-0.577315944,S66_29PyridineUracil-d9_37
-0.4174413725,S66_29PyridineUracil-d10_18
-0.3118752685,S66_29PyridineUracil-d10_99
-0.2394456,S66_29PyridineUracil-d11_8
-0.18824835,S66_29PyridineUracil-d12_61
-0.141777,S66_29PyridineUracil-d13_43
-0.11578455,S66_29PyridineUracil-d14_24
-6.485099969241179,S66_30BenzeneEthene-d3_51
-2.68680893513958,S66_30BenzeneEthene-d4_31
-0.5931596547315923,S66_30BenzeneEthene-d5_12
-0.07652453242839509,S66_30BenzeneEthene-d5_93
0.04078531198159772,S66_30BenzeneEthene-d6_73
0.06089031819097985,S66_30BenzeneEthene-d7_54
0.0552781829964794,S66_30BenzeneEthene-d8_34
0.04453689099073285,S66_30BenzeneEthene-d9_15
0.034459981240060035,S66_30BenzeneEthene-d9_96
0.026322665595642357,S66_30BenzeneEthene-d10_76
0.020085955457746208,S66_30BenzeneEthene-d11_57
0.015395676410330137,S66_30BenzeneEthene-d12_38
0.011882396800499177,S66_30BenzeneEthene-d13_18
0.009247156075658665,S66_30BenzeneEthene-d13_99
-12.51321104768133,S66_31UracilEthene-d3_33
-7.424941223767693,S66_31UracilEthene-d4_17
-3.0724799166599936,S66_31UracilEthene-d5_0
-1.4361139525553217,S66_31UracilEthene-d5_83
-0.7653173150444085,S66_31UracilEthene-d6_67
-0.4446917726424528,S66_31UracilEthene-d7_5
-0.2757796651644982,S66_31UracilEthene-d8_34
-0.1799185706355936,S66_31UracilEthene-d9_17
-0.1222751817238146,S66_31UracilEthene-d10_0
-0.08596557634009175,S66_31UracilEthene-d10_84
-0.062184852081196985,S66_31UracilEthene-d11_67
-0.04608987921369726,S66_31UracilEthene-d12_5
-0.034882717548843686,S66_31UracilEthene-d13_34
-0.026884720349894142,S66_31UracilEthene-d14_17
-13.875323479189365,S66_32UracilEthyne-d3_3
-8.431203676684364,S66_32UracilEthyne-d4_12
-3.5437092126012204,S66_32UracilEthyne-d4_94
-1.6275105831165373,S66_32UracilEthyne-d5_77
-0.8333264988402671,S66_32UracilEthyne-d6_59
-0.4593648359774912,S66_32UracilEthyne-d7_41
-0.26824598976797376,S66_32UracilEthyne-d8_24
-0.16427558713101026,S66_32UracilEthyne-d9_06
-0.104711421903481,S66_32UracilEthyne-d9_89
-0.06906989158802368,S66_32UracilEthyne-d10_71
-0.04693922410401608,S66_32UracilEthyne-d11_53
-0.03274669792041874,S66_32UracilEthyne-d12_36
-0.0233828245513625,S66_32UracilEthyne-d13_18
-0.01704564306368628,S66_32UracilEthyne-d14_0
-7.7621489460820285,S66_35NeopentanePentane-d4_54
-5.2217898047396485,S66_35NeopentanePentane-d5_31
-2.3435344218375067,S66_35NeopentanePentane-d6_08
-1.0558430188712422,S66_35NeopentanePentane-d6_85
-0.5135724656967995,S66_35NeopentanePentane-d7_63
-0.2736765399562827,S66_35NeopentanePentane-d8_4
-0.15713421095515118,S66_35NeopentanePentane-d9_17
-0.09505963781402836,S66_35NeopentanePentane-d9_94
-0.0598753418780819,S66_35NeopentanePentane-d10_71
-0.03900996253733203,S66_35NeopentanePentane-d11_48
-0.026163962198677018,S66_35NeopentanePentane-d12_26
-0.01799692258861793,S66_35NeopentanePentane-d13_03
-0.012656410381127471,S66_35NeopentanePentane-d13_8
-0.009077108276346635,S66_35NeopentanePentane-d14_57
-5.0592833645,S66_36NeopentaneNeopentane-d5_46
-3.16146957,S66_36NeopentaneNeopentane-d6_17
-1.5703089245,S66_36NeopentaneNeopentane-d6_88
-0.776943211,S66_36NeopentaneNeopentane-d7_59
-0.40320853700000003,S66_36NeopentaneNeopentane-d8_3
-0.2263181,S66_36NeopentaneNeopentane-d9_01
-0.13626345,S66_36NeopentaneNeopentane-d9_72
-0.08585385000000001,S66_36NeopentaneNeopentane-d10_43
-0.0561857,S66_36NeopentaneNeopentane-d11_14
-0.037807200000000006,S66_36NeopentaneNeopentane-d11_85
-0.02620249,S66_36NeopentaneNeopentane-d12_56
-0.01853603,S66_36NeopentaneNeopentane-d13_27
-0.013363795,S66_36NeopentaneNeopentane-d13_98
-0.00981937,S66_36NeopentaneNeopentane-d14_69
-7.090831348682415,S66_37CyclopentaneNeopentane-d4_67
-4.760269671410102,S66_37CyclopentaneNeopentane-d5_46
-2.1229519926949894,S66_37CyclopentaneNeopentane-d6_26
-0.9459637670985902,S66_37CyclopentaneNeopentane-d7_05
-0.4512028469674678,S66_37CyclopentaneNeopentane-d7_85
-0.2358752218741201,S66_37CyclopentaneNeopentane-d8_64
-0.13367132449735775,S66_37CyclopentaneNeopentane-d9_43
-0.08009608388654835,S66_37CyclopentaneNeopentane-d10_23
-0.05007169733257188,S66_37CyclopentaneNeopentane-d11_02
-0.032424950774170916,S66_37CyclopentaneNeopentane-d11_81
-0.0216397582977332,S66_37CyclopentaneNeopentane-d12_61
-0.014822837864012606,S66_37CyclopentaneNeopentane-d13_4
-0.010387083077075185,S66_37CyclopentaneNeopentane-d14_2
-0.00742584710049027,S66_37CyclopentaneNeopentane-d14_99
-11.889788948296582,S66_40BenzeneNeopentane-d4_51
-6.974834555155397,S66_40BenzeneNeopentane-d5_27
-3.0123125342630965,S66_40BenzeneNeopentane-d6_04
-1.458497845553238,S66_40BenzeneNeopentane-d6_81
-0.7199183365362322,S66_40BenzeneNeopentane-d7_57
-0.3889548966056572,S66_40BenzeneNeopentane-d8_34
-0.22449013350729302,S66_40BenzeneNeopentane-d9_1
-0.13597174796318195,S66_40BenzeneNeopentane-d9_87
-0.08564418042438504,S66_40BenzeneNeopentane-d10_64
-0.055785225109576515,S66_40BenzeneNeopentane-d11_4
-0.037402533033602615,S66_40BenzeneNeopentane-d12_17
-0.025717209935940063,S66_40BenzeneNeopentane-d12_94
-0.01808527100324055,S66_40BenzeneNeopentane-d13_7
-0.01297165908984801,S66_40BenzeneNeopentane-d14_47
-13.684342251476114,S66_43UracilNeopentane-d4_45
-8.268439609739042,S66_43UracilNeopentane-d5_2
-3.5137587614880497,S66_43UracilNeopentane-d5_96
-1.7038755481881362,S66_43UracilNeopentane-d6_71
-0.8485985981179953,S66_43UracilNeopentane-d7_47
-0.4631562060934606,S66_43UracilNeopentane-d8_23
-0.2701803191668097,S66_43UracilNeopentane-d8_98
-0.1655075147756313,S66_43UracilNeopentane-d9_74
-0.10548398642747127,S66_43UracilNeopentane-d10_49
-0.06952044794007603,S66_43UracilNeopentane-d11_25
-0.047157640358256606,S66_43UracilNeopentane-d12_01
-0.03279927540597588,S66_43UracilNeopentane-d12_76
-0.023318911865117604,S66_43UracilNeopentane-d13_52
-0.016903067583351077,S66_43UracilNeopentane-d14_27
-12.9777125995,S66_54BenzeneWater-d3_07
-7.8660478845,S66_54BenzeneWater-d3_93
-3.767776285,S66_54BenzeneWater-d4_79
-1.98965641,S66_54BenzeneWater-d5_64
-1.1549285695,S66_54BenzeneWater-d6_5
-0.7186518599999999,S66_54BenzeneWater-d7_36
-0.4701981695,S66_54BenzeneWater-d8_22
-0.3201035855,S66_54BenzeneWater-d9_08
-0.22526790000000002,S66_54BenzeneWater-d9_94
-0.14151445,S66_54BenzeneWater-d10_8
-0.10475745,S66_54BenzeneWater-d11_66
-0.07902755,S66_54BenzeneWater-d12_52
-0.0609116,S66_54BenzeneWater-d13_38
-0.04752155000000001,S66_54BenzeneWater-d14_23
-21.4588284925,S66_57BenzenePeptide-d3_77
-13.318284582999999,S66_57BenzenePeptide-d4_6
-6.3850033345,S66_57BenzenePeptide-d5_43
-3.3411640410000003,S66_57BenzenePeptide-d6_26
-1.9349593685,S66_57BenzenePeptide-d7_09
-1.213280307,S66_57BenzenePeptide-d7_92
-0.8046553634999999,S66_57BenzenePeptide-d8_76
-0.556611251,S66_57BenzenePeptide-d9_59
-0.39824634200000003,S66_57BenzenePeptide-d10_42
-0.2929874215,S66_57BenzenePeptide-d11_25
-0.22054200000000002,S66_57BenzenePeptide-d12_08
-0.16960729999999996,S66_57BenzenePeptide-d12_91
-0.13258775,S66_57BenzenePeptide-d13_74
-0.10502,S66_57BenzenePeptide-d14_57
-16.2879219955,S66_58PyridinePyridine-d6_2
-11.1732327045,S66_58PyridinePyridine-d6_82
-6.043822235,S66_58PyridinePyridine-d7_44
-3.2395808205,S66_58PyridinePyridine-d8_06
-1.7137609935,S66_58PyridinePyridine-d8_68
-0.952253097,S66_58PyridinePyridine-d9_3
-0.5550753335,S66_58PyridinePyridine-d9_92
-0.32966040550000003,S66_58PyridinePyridine-d10_54
-0.19454955,S66_58PyridinePyridine-d11_16
-0.11105865,S66_58PyridinePyridine-d11_78
-0.0582861,S66_58PyridinePyridine-d12_4
-0.025021015,S66_58PyridinePyridine-d13_02
-0.003754465,S66_58PyridinePyridine-d13_64
0.009740605,S66_58PyridinePyridine-d14_26
-13.202542041,S66_59EthyneWater-d4_26
-7.470742102500001,S66_59EthyneWater-d5_07
-3.618737152,S66_59EthyneWater-d5_89
-1.8285005945,S66_59EthyneWater-d6_7
-1.035197893,S66_59EthyneWater-d7_51
-0.5723406215,S66_59EthyneWater-d8_32
-0.3797601965,S66_59EthyneWater-d9_13
-0.26228745000000003,S66_59EthyneWater-d9_94
-0.18719815,S66_59EthyneWater-d10_75
-0.13731365,S66_59EthyneWater-d11_56
-0.10318215,S66_59EthyneWater-d12_37
-0.07902755,S66_59EthyneWater-d13_18
-0.0614367,S66_59EthyneWater-d13_99
-0.04857175,S66_59EthyneWater-d14_8
-17.540204105,S66_65PyridineEthyne-d5_52
-11.7100791915,S66_65PyridineEthyne-d6_18
-6.523188650500001,S66_65PyridineEthyne-d6_84
-3.6783648825,S66_65PyridineEthyne-d7_51
-2.089609195,S66_65PyridineEthyne-d8_17
-1.264393541,S66_65PyridineEthyne-d8_83
-0.8359513234999999,S66_65PyridineEthyne-d9_49
-0.5834307335,S66_65PyridineEthyne-d10_15
-0.421219467,S66_65PyridineEthyne-d10_82
-0.312303225,S66_65PyridineEthyne-d11_48
-0.18299735,S66_65PyridineEthyne-d12_8
-0.2368201,S66_65PyridineEthyne-d12_14
-0.14387739999999996,S66_65PyridineEthyne-d13_47
-0.11473435,S66_65PyridineEthyne-d14_13
-2.008922019676325,SSI-002LYS-080ARG-1-d4_77
-2.2015539880373707,SSI-002LYS-080ARG-1-d5_49
-1.0355224419322164,SSI-002LYS-080ARG-1-d6_2
-0.4737819638208514,SSI-002LYS-080ARG-1-d6_92
-0.234962487249866,SSI-002LYS-080ARG-1-d7_63
-0.12791888559833992,SSI-002LYS-080ARG-1-d8_35
-0.07488559511906674,SSI-002LYS-080ARG-1-d9_06
-0.04612124134952213,SSI-002LYS-080ARG-1-d9_78
-0.02953801165317422,SSI-002LYS-080ARG-1-d10_49
-0.01954498908521297,SSI-002LYS-080ARG-1-d11_21
-0.013301590654674863,SSI-002LYS-080ARG-1-d11_93
-0.009278236858902866,SSI-002LYS-080ARG-1-d12_64
-0.00661505858643095,SSI-002LYS-080ARG-1-d13_36
-0.004810328003004729,SSI-002LYS-080ARG-1-d14_07
-1.770453415,SSI-028LEU-133PHE-d5_35
-1.8793512785,SSI-028LEU-133PHE-d6_1
-0.8676043515,SSI-028LEU-133PHE-d6_85
-0.3938565060000001,SSI-028LEU-133PHE-d7_6
-0.1927117,SSI-028LEU-133PHE-d8_35
-0.1029196,SSI-028LEU-133PHE-d9_1
-0.05907375,SSI-028LEU-133PHE-d9_85
-0.03596934999999999,SSI-028LEU-133PHE-d10_6
-0.0225793,SSI-028LEU-133PHE-d11_35
-0.014676545,SSI-028LEU-133PHE-d12_1
-0.00981937,SSI-028LEU-133PHE-d12_85
-0.0067212800000000005,SSI-028LEU-133PHE-d13_6
-0.004699645,SSI-028LEU-133PHE-d14_35
-0.003334385,SSI-028LEU-133PHE-d15_1
-9.1498675,SSI-031TYR-051GLN-d6_0
-6.894468482000001,SSI-031TYR-051GLN-d6_68
-4.3760442485,SSI-031TYR-051GLN-d7_35
-2.727553185,SSI-031TYR-051GLN-d8_03
-1.8072235425,SSI-031TYR-051GLN-d8_71
-1.274512218,SSI-031TYR-051GLN-d9_38
-0.9371801015,SSI-031TYR-051GLN-d10_06
-0.6655511225,SSI-031TYR-051GLN-d10_73
-0.5139731310000001,SSI-031TYR-051GLN-d11_41
-0.4043978885,SSI-031TYR-051GLN-d12_08
-0.32340646450000005,SSI-031TYR-051GLN-d12_76
-0.26228745000000003,SSI-031TYR-051GLN-d13_43
-0.21555355,SSI-031TYR-051GLN-d14_11
-0.1790591,SSI-031TYR-051GLN-d14_78
0.17695870000000002,SSI-033VAL-055VAL-d4_91
-1.2531642775,SSI-033VAL-055VAL-d5_65
-0.5723511235000001,SSI-033VAL-055VAL-d6_39
-0.23865795,SSI-033VAL-055VAL-d7_12
-0.10738295,SSI-033VAL-055VAL-d7_86
-0.05434785,SSI-033VAL-055VAL-d8_6
-0.03019325,SSI-033VAL-055VAL-d9_33
-0.017774635,SSI-033VAL-055VAL-d10_07
-0.010948335,SSI-033VAL-055VAL-d10_81
-0.00698383,SSI-033VAL-055VAL-d11_54
-0.00462088,SSI-033VAL-055VAL-d12_28
-0.003124345,SSI-033VAL-055VAL-d13_02
-0.0021870415,SSI-033VAL-055VAL-d13_76
-0.0015621725,SSI-033VAL-055VAL-d14_49
-19.0170294765,SSI-043TYR-185HIE-d4_15
-10.153921712,SSI-043TYR-185HIE-d4_94
-3.6076575419999997,SSI-043TYR-185HIE-d5_72
-1.2550178804999998,SSI-043TYR-185HIE-d6_51
-0.466063007,SSI-043TYR-185HIE-d7_3
-0.17065750000000002,SSI-043TYR-185HIE-d8_09
-0.0493594,SSI-043TYR-185HIE-d8_88
0.001302248,SSI-043TYR-185HIE-d9_67
0.02137157,SSI-043TYR-185HIE-d10_45
0.0278303,SSI-043TYR-185HIE-d11_24
0.028355400000000006,SSI-043TYR-185HIE-d12_03
0.02651755,SSI-043TYR-185HIE-d12_82
0.02352448,SSI-043TYR-185HIE-d13_61
0.02053141,SSI-043TYR-185HIE-d14_39
3.373799006,SSI-069ILE-101ILE-d4_78
-1.140559208,SSI-069ILE-101ILE-d5_5
-0.6782007815000001,SSI-069ILE-101ILE-d6_22
-0.303728342,SSI-069ILE-101ILE-d6_94
-0.13941405,SSI-069ILE-101ILE-d7_65
-0.07036339999999999,SSI-069ILE-101ILE-d8_37
-0.03911995,SSI-069ILE-101ILE-d9_09
-0.0231044,SSI-069ILE-101ILE-d9_81
-0.01433523,SSI-069ILE-101ILE-d10_52
-0.00924176,SSI-069ILE-101ILE-d11_24
-0.00614367,SSI-069ILE-101ILE-d11_96
-0.0042008,SSI-069ILE-101ILE-d12_68
-0.00294056,SSI-069ILE-101ILE-d13_39
-0.0021187785,SSI-069ILE-101ILE-d14_11
-5.166915737,SSI-080TRP-095ILE-d4_9
-8.804015636,SSI-080TRP-095ILE-d4_15
-2.1119600765,SSI-080TRP-095ILE-d5_65
-0.866966355,SSI-080TRP-095ILE-d6_39
-0.3856728225,SSI-080TRP-095ILE-d7_14
-0.18824835,SSI-080TRP-095ILE-d7_89
-0.0976686,SSI-080TRP-095ILE-d8_63
-0.05251,SSI-080TRP-095ILE-d9_38
-0.0288805,SSI-080TRP-095ILE-d10_13
-0.01596304,SSI-080TRP-095ILE-d10_88
-0.008847935,SSI-080TRP-095ILE-d11_62
-0.004778409999999999,SSI-080TRP-095ILE-d12_37
-0.0024548425,SSI-080TRP-095ILE-d13_12
-0.0011000845,SSI-080TRP-095ILE-d13_86
-6.370817757999999,SSI-085HIE-094TYR-d4_9
-13.902505592,SSI-085HIE-094TYR-d4_12
-1.723898049,SSI-085HIE-094TYR-d5_68
-0.23734520000000003,SSI-085HIE-094TYR-d6_47
0.17092005,SSI-085HIE-094TYR-d7_25
0.26123725000000003,SSI-085HIE-094TYR-d8_03
0.25598625,SSI-085HIE-094TYR-d8_81
0.22421770000000005,SSI-085HIE-094TYR-d9_6
0.1879858,SSI-085HIE-094TYR-d10_38
0.1549045,SSI-085HIE-094TYR-d11_16
0.1270742,SSI-085HIE-094TYR-d11_94
0.10423235,SSI-085HIE-094TYR-d12_73
0.0855913,SSI-085HIE-094TYR-d13_51
0.07062594999999999,SSI-085HIE-094TYR-d14_29
-6.1260660225,SSI-100ALA-112PHE-d4_52
-3.5055702255,SSI-100ALA-112PHE-d5_26
-1.547028616,SSI-100ALA-112PHE-d5_99
-0.7888104709999999,SSI-100ALA-112PHE-d6_73
-0.4051199010000001,SSI-100ALA-112PHE-d7_46
-0.225793,SSI-100ALA-112PHE-d8_2
-0.13337539999999998,SSI-100ALA-112PHE-d8_93
-0.08270325,SSI-100ALA-112PHE-d9_67
-0.053297650000000016,SSI-100ALA-112PHE-d10_4
-0.035444250000000004,SSI-100ALA-112PHE-d11_14
-0.02425962,SSI-100ALA-112PHE-d11_87
-0.017039494999999998,SSI-100ALA-112PHE-d12_61
-0.01223483,SSI-100ALA-112PHE-d13_34
-0.008952955,SSI-100ALA-112PHE-d14_08
-1.1899999985,SSI-100VAL-283ILE-d4_71
-1.1514839135,SSI-100VAL-283ILE-d5_48
-0.4946153195,SSI-100VAL-283ILE-d6_25
-0.21319060000000006,SSI-100VAL-283ILE-d7_01
-0.10213195,SSI-100VAL-283ILE-d7_78
-0.05434785,SSI-100VAL-283ILE-d8_55
-0.0309809,SSI-100VAL-283ILE-d9_31
-0.018772325,SSI-100VAL-283ILE-d10_08
-0.01181475,SSI-100VAL-283ILE-d10_84
-0.007718969999999999,SSI-100VAL-283ILE-d11_61
-0.005224745,SSI-100VAL-283ILE-d12_38
-0.00362319,SSI-100VAL-283ILE-d13_14
-0.0025703645,SSI-100VAL-283ILE-d13_91
-0.001869356,SSI-100VAL-283ILE-d14_68
-6.028993411,SSI-101ILE-110PHE-d4_52
-3.4518393680000004,SSI-101ILE-110PHE-d5_26
-1.490732645,SSI-101ILE-110PHE-d5_99
-0.6480967985,SSI-101ILE-110PHE-d6_73
-0.3130987515,SSI-101ILE-110PHE-d7_46
-0.16698179999999999,SSI-101ILE-110PHE-d8_2
-0.09504310000000002,SSI-101ILE-110PHE-d8_93
-0.05671080000000001,SSI-101ILE-110PHE-d9_67
-0.035181699999999996,SSI-101ILE-110PHE-d10_41
-0.022658065,SSI-101ILE-110PHE-d11_14
-0.015044115,SSI-101ILE-110PHE-d11_88
-0.010265705,SSI-101ILE-110PHE-d12_61
-0.007167615,SSI-101ILE-110PHE-d13_35
-0.005119725,SSI-101ILE-110PHE-d14_08
-4.5189029545,SSI-146PHE-165PHE-d6_76
-3.374518393,SSI-146PHE-165PHE-d7_36
-1.7735567559999998,SSI-146PHE-165PHE-d7_97
-0.9186440715000002,SSI-146PHE-165PHE-d8_58
-0.2984589635,SSI-146PHE-165PHE-d9_8
-0.5064143165,SSI-146PHE-165PHE-d9_19
-0.1853603,SSI-146PHE-165PHE-d10_41
-0.1202479,SSI-146PHE-165PHE-d11_01
-0.08060285,SSI-146PHE-165PHE-d11_62
-0.05539805,SSI-146PHE-165PHE-d12_23
-0.03911995,SSI-146PHE-165PHE-d12_84
-0.02809285,SSI-146PHE-165PHE-d13_45
-0.02037388,SSI-146PHE-165PHE-d14_05
-0.01507037,SSI-146PHE-165PHE-d14_66
-4.4938346805,SSI-183GLN-190LYS-d4_49
-2.3166545585,SSI-183GLN-190LYS-d5_28
-0.895390018,SSI-183GLN-190LYS-d6_07
-0.420190271,SSI-183GLN-190LYS-d6_85
-0.20977745,SSI-183GLN-190LYS-d7_64
-0.11788495,SSI-183GLN-190LYS-d8_43
-0.07220125000000001,SSI-183GLN-190LYS-d9_21
-0.047258999999999995,SSI-183GLN-190LYS-d10_0
-0.03281875,SSI-183GLN-190LYS-d10_79
-0.02389205,SSI-183GLN-190LYS-d11_57
-0.018037185,SSI-183GLN-190LYS-d12_36
-0.01407268,SSI-183GLN-190LYS-d13_15
-0.011263395,SSI-183GLN-190LYS-d13_93
-0.00918925,SSI-183GLN-190LYS-d14_72
-4.8793985250646426,SSI-184PHE-209LEU-1-d5_02
-2.6839560925893466,SSI-184PHE-209LEU-1-d5_72
-1.2013793987249128,SSI-184PHE-209LEU-1-d6_42
-0.5642052149355552,SSI-184PHE-209LEU-1-d7_12
-0.32207758581504475,SSI-184PHE-209LEU-1-d7_83
-0.16482355806146545,SSI-184PHE-209LEU-1-d8_53
-0.09833067323183843,SSI-184PHE-209LEU-1-d9_23
-0.061368262201798265,SSI-184PHE-209LEU-1-d9_93
-0.03975162585521906,SSI-184PHE-209LEU-1-d10_64
-0.02658071405471281,SSI-184PHE-209LEU-1-d11_34
-0.018272829155349345,SSI-184PHE-209LEU-1-d12_04
-0.012872442096167705,SSI-184PHE-209LEU-1-d12_74
-0.01019169184870114,SSI-184PHE-209LEU-1-d13_44
-0.007488060880878792,SSI-184PHE-209LEU-1-d14_15
-1.4716426345,SSI-201LEU-284LEU-d5_24
-0.90868555,SSI-201LEU-284LEU-d5_97
-0.3882983225,SSI-201LEU-284LEU-d6_69
-0.16908220000000002,SSI-201LEU-284LEU-d7_41
-0.08139049999999999,SSI-201LEU-284LEU-d8_13
-0.043583300000000005,SSI-201LEU-284LEU-d8_85
-0.025073525,SSI-201LEU-284LEU-d9_57
-0.01517539,SSI-201LEU-284LEU-d10_29
-0.00955682,SSI-201LEU-284LEU-d11_01
-0.006222435,SSI-201LEU-284LEU-d11_73
-0.004174545,SSI-201LEU-284LEU-d12_46
-0.0020426389999999997,SSI-201LEU-284LEU-d13_9
-0.00288805,SSI-201LEU-284LEU-d13_18
-0.0014781565,SSI-201LEU-284LEU-d14_62
-5.668023917999999,SSI-225ASN-228ARG-d4_36
-2.9711181945000003,SSI-225ASN-228ARG-d5_12
-1.187886471,SSI-225ASN-228ARG-d5_89
-0.5537993404999999,SSI-225ASN-228ARG-d6_65
-0.274212471,SSI-225ASN-228ARG-d7_41
-0.1496535,SSI-225ASN-228ARG-d8_18
-0.08716660000000001,SSI-225ASN-228ARG-d8_94
-0.053297650000000016,SSI-225ASN-228ARG-d9_7
-0.03386895,SSI-225ASN-228ARG-d10_46
-0.02226424,SSI-225ASN-228ARG-d11_23
-0.015096625,SSI-225ASN-228ARG-d11_99
-0.010528255,SSI-225ASN-228ARG-d12_75
-0.00750893,SSI-225ASN-228ARG-d13_52
-0.005487295,SSI-225ASN-228ARG-d14_28
-3.143385126,SSI-253ALA-302SER-d4_31
-2.9858787555000004,SSI-253ALA-302SER-d5_08
-1.273572289,SSI-253ALA-302SER-d5_86
-0.532057575,SSI-253ALA-302SER-d6_63
-0.24863485,SSI-253ALA-302SER-d7_41
-0.13678855,SSI-253ALA-302SER-d8_18
-0.08217815,SSI-253ALA-302SER-d8_96
-0.05224745,SSI-253ALA-302SER-d9_73
-0.034656599999999996,SSI-253ALA-302SER-d10_51
-0.024023325,SSI-253ALA-302SER-d11_28
-0.017170770000000002,SSI-253ALA-302SER-d12_06
-0.012628655,SSI-253ALA-302SER-d12_83
-0.00950431,SSI-253ALA-302SER-d13_61
-0.007325145,SSI-253ALA-302SER-d14_38
-3.038601421,SSI-275ASN-278LEU-d4_38
-3.206192337,SSI-275ASN-278LEU-d5_16
-1.2836935915,SSI-275ASN-278LEU-d5_95
-0.5059049695000001,SSI-275ASN-278LEU-d6_74
-0.22946870000000005,SSI-275ASN-278LEU-d7_53
-0.1197228,SSI-275ASN-278LEU-d8_32
-0.07508930000000001,SSI-275ASN-278LEU-d9_1
-0.04647135,SSI-275ASN-278LEU-d9_89
-0.03019325,SSI-275ASN-278LEU-d10_68
-0.020767705,SSI-275ASN-278LEU-d11_47
-0.014886585,SSI-275ASN-278LEU-d12_25
-0.011053355,SSI-275ASN-278LEU-d13_04
-0.00845411,SSI-275ASN-278LEU-d13_83
-0.006642515,SSI-275ASN-278LEU-d14_62
