Name,Spin_rat,CorrIE_OS,CorrIE_SS,CorrIE_SRS,IE_HF,IE_SRSMP2
01_03,2.2294445244757095,-1.1339413237831941e-05,-5.086205605631111e-06,-1.859663771004438e-05,-8.762954588047809e-06,-2.735959229809219e-05
01_04,-120.003024179277,-4.563746622943121e-06,3.803026343840443e-08,-2.968718270822679e-06,3.566074106932271e-05,3.2692022798500024e-05
01_05,2.71413919627647,4.778218620771213e-06,1.760491365854211e-06,7.83627853806479e-06,-4.873619674103586e-05,-4.089991820297107e-05
01_06,2.383774503429527,-1.1604316844771034e-05,-4.868043025074709e-06,-1.9031079625424494e-05,4.6891147015139444e-05,2.786006738971495e-05
01_07,2.6272501458447257,6.452999992134778e-06,2.4561802774436536e-06,1.0582919987101035e-05,-5.324370916653386e-05,-4.266078917943282e-05
01_08,1.4658259663866249,3.7569332450915205e-05,2.563014526446583e-05,6.161370521950093e-05,0.00023788854209721118,0.00029950224731671213
01_09,2.0285866845991976,-2.7294878249706223e-05,-1.3455120482119831e-05,-4.4763600329518205e-05,0.00026458278218326696,0.00021981918185374875
01_10,2.0705653869581284,-2.4275196910283903e-05,-1.1723946059943868e-05,-3.98113229328656e-05,0.00010074594512191234,6.093462218904675e-05
01_11,3.382896456208829,2.0411939493203413e-05,6.033864694776625e-06,3.3475580768853596e-05,-0.00021206415042071712,-0.00017858856965186353
01_12,2.89128647649436,2.0885986590446493e-05,7.2237693359844535e-06,3.4253018008332244e-05,-0.0002662566428669323,-0.00023200362485860005
01_13,3.59933297248521,1.6912504979038623e-05,4.6987886667682055e-06,2.773650816562334e-05,-0.0002573902905864542,-0.00022965378242083083
01_14,2.230696666520094,1.8782886712642721e-06,8.420188631896863e-07,3.080393420873406e-06,-4.4673216795219124e-05,-4.159282337434572e-05
01_15,3.0842160583952114,4.772184874823893e-06,1.5472926618853577e-06,7.826383194711184e-06,-4.579846858645418e-05,-3.7972085391743e-05
01_17,1.489845738032727,4.5929713117898174e-05,3.08285025391597e-05,7.5324729513353e-05,-0.00017520151487490038,-9.987678536154738e-05
01_18,0.8027981494175666,-1.7881547851761326e-05,-2.2274027244251204e-05,-3.7194212640608846e-05,-0.0005826084156350598,-0.0006198026282756687
01_19,1.2954705625219038,-3.833479089609959e-06,-2.9591402541384593e-06,-6.286905706960332e-06,-1.5816198398406376e-05,-2.2103104105366707e-05
01_20,-3.7607915806995846,5.947955783569547e-06,-1.581570171049762e-06,2.122660822159173e-06,-0.0002683494190438247,-0.0002662267582216655
01_21,1.3401089700203215,-1.7990389780564442e-05,-1.3424572316900196e-05,-2.9504239240125683e-05,-0.00011238774492430279,-0.00014189198416442847
01_22,4.282070050430259,3.976963821428203e-05,9.287479594194403e-06,6.522220667142254e-05,-0.0004108944781498008,-0.0003456722714783783
01_23,1.4879517109209726,3.670413320888688e-06,2.466755670865739e-06,6.019477846257448e-06,-4.761955821513944e-06,1.257522024743504e-06
01_24,2.6954676614819015,-2.3908232347880087e-05,-8.869790088572582e-06,-3.920950105052334e-05,0.00011298220122709164,7.37727001765683e-05
01_25,0.08546067586701805,-1.9985664001520576e-07,-2.338580147975833e-06,-2.797886751102485e-06,-0.00017037776545816732,-0.0001731756522092698
01_26,2.8678624878643406,1.2807231650202588e-05,4.465776062972937e-06,2.1003859906332245e-05,-0.0001332670685370518,-0.00011226320863071956
01_27,2.7692699382368273,1.4557824008609721e-05,5.25691764735603e-06,2.387483137411994e-05,-0.00021076286372589641,-0.00018688803235177647
01_28,11.3480827171845,2.6278626497067137e-06,2.3156886631847673e-07,4.3096947455190104e-06,-4.9644164694820716e-05,-4.5334469949301706e-05
01_29,2.1444731458194393,4.627237199994472e-05,2.1577501257197262e-05,7.588669007990934e-05,-0.0001773907651123506,-0.00010150407503244126
01_30,3.8248798533328756,2.6204018795494832e-05,6.850939062219563e-06,4.2974590824611524e-05,-0.00011289422697848606,-6.991963615387454e-05
01_31,2.8235641035390744,6.039779948896484e-06,2.1390624499462163e-06,9.905239116190233e-06,-5.376380315059761e-05,-4.3858564034407375e-05
01_32,2.414259750821063,6.718243948089508e-05,2.7827345196823616e-05,0.00011017920074866794,-0.001210785137604781,-0.001100605936856113
01_33,-0.11105760357845065,-1.5635481720455147e-06,1.4078713403364862e-05,1.5017791486285902e-05,0.0007220495900812749,0.0007370673815675607
02_03,1.553534603808672,2.717152437003989e-05,1.7490131409642062e-05,4.4561299966865416e-05,-0.0006457277183458167,-0.0006011664183789513
02_04,1.248954775870537,-1.9384285974144433e-06,-1.5520406622115956e-06,-3.1790228997596866e-06,-0.00012474831946454183,-0.00012792734236430152
02_05,4.0923619099200454,-9.49308990261244e-06,-2.319709280745874e-06,-1.55686674402844e-05,6.527434519840637e-05,4.970567775812197e-05
02_06,3.4814449909775433,1.4623739601038466e-05,4.2004798694039724e-06,2.398293294570308e-05,-0.00010685742637290836,-8.287449342720527e-05
02_07,3.012636557283664,-6.263617772339636e-06,-2.0791149722976243e-06,-1.0272333146637002e-05,3.2259586989641434e-05,2.198725384300443e-05
02_08,-5.084162125308336,1.3194943398242565e-05,-2.595303429164808e-06,5.750016733592213e-06,-0.0002766276981800797,-0.0002708776814464875
02_09,1.755939057249319,1.7492728350165798e-05,9.962036141258901e-06,2.8688074494271907e-05,-1.5840883365737052e-05,1.2847191128534854e-05
02_10,2.2925524119258904,7.423208362000722e-06,3.2379666974613475e-06,1.2174061713681183e-05,-1.563613505498008e-05,-3.462073341298895e-06
02_11,2.137628316765069,-6.119758891309779e-06,-2.862873233533403e-06,-1.0036404581748037e-05,2.2651835949003982e-05,1.2615431367255945e-05
02_12,9.124388468728242,6.086362155266478e-06,6.670432956823458e-07,9.981633934637023e-06,-6.916316132908367e-05,-5.9181527394446645e-05
02_13,2.760623488801119,1.0330073321629385e-05,3.741934879397668e-06,1.694132024747219e-05,-9.877630843027888e-06,7.063689404444302e-06
02_14,6.878924485831289,-2.5938066269270976e-06,-3.770657218682416e-07,-4.25384286816044e-06,3.500291749482072e-05,3.074907462666028e-05
02_15,2.299345060874845,-1.2767731972784802e-06,-5.552768999328439e-07,-2.0939080435367072e-06,7.4151708669322705e-06,5.321262823395563e-06
02_16,1.3365919020221473,-0.0001300388407980968,-9.729135766972652e-05,-0.00021326369890887874,0.00011654766732749004,-9.67160315813887e-05
02_18,0.1581735553930686,7.107007003570587e-06,4.4931701673578406e-05,5.591276453023597e-05,0.00012121827667091632,0.0001771310412011523
02_19,1.148819932936351,1.683404876284822e-05,1.4653339727332959e-05,2.7607839971071077e-05,2.6366561705179282e-05,5.397440167625036e-05
02_20,-39.971954445169814,-1.421200937590239e-05,3.5554952398930695e-07,-8.974599730747768e-06,0.0002901122148191235,0.00028113761508837573
02_21,-4.426473269319791,-5.496295081730551e-06,1.2416871733589296e-06,-2.2120313763129842e-06,0.00019923616880956175,0.00019702413743324877
02_22,2.843207991891435,-3.0157719193013577e-05,-1.0606933885604075e-05,-4.945865947654226e-05,-1.468131650358566e-05,-6.413997598012792e-05
02_23,6.812477609361519,1.6136299238467267e-06,2.3686388658794577e-07,2.6463530751086315e-06,-5.914700690039841e-06,-3.2683476149312096e-06
02_24,5.781844447519045,-7.5191613311265115e-06,-1.3004779702008307e-06,-1.2331424583047478e-05,7.68504541625498e-05,6.451902957950232e-05
02_25,-0.6387307390230716,-1.158960884595217e-06,1.814474885564188e-06,1.3035871857103308e-06,0.00011467829439043826,0.00011598188157614859
02_26,0.9374114635294164,-4.361854344492322e-06,-4.6530840662750705e-06,-8.183339702918513e-06,1.311120079681275e-07,-8.052227694950385e-06
02_27,13.217118611123963,2.475112320321493e-06,1.872656509444015e-07,4.059184205327248e-06,3.9851320501992034e-05,4.3910504707319284e-05
02_28,1.4177448950396232,4.17917327188988e-07,2.9477611145078964e-07,6.853844165899403e-07,1.8853532270916335e-06,2.5707376436815736e-06
02_29,2.0490801973949866,3.5313460864050406e-05,1.7233811008932065e-05,5.791407581704266e-05,-5.40349351187251e-05,3.879140698317561e-06
02_30,2.485570885781582,4.3094179085767514e-05,1.733773892037549e-05,7.067445370065872e-05,-6.057930236653386e-05,1.0095151334124855e-05
02_31,1.4574628065144375,-6.74417373669467e-07,-4.6273384861350575e-07,-1.1060444928179258e-06,3.874998878087649e-06,2.7689543852697233e-06
02_32,2.114947000632892,-0.0001161301159140482,-5.4909232183736334e-05,-0.00019045339009903905,0.00023698449162549802,4.653110152645897e-05
02_33,3.3546369709404393,8.412189027628969e-05,2.5076302146848084e-05,0.00013795990005311507,-0.00083694504825498,-0.000698985148201865
03_05,69.48167864664886,5.816355735932532e-07,8.371063925372013e-09,9.538823406929352e-07,4.838185316494024e-05,4.933573550563318e-05
03_06,2.3337821006994597,1.1142130413088758e-05,4.774280516484097e-06,1.827309387746556e-05,-4.146920935458167e-05,-2.319611547711611e-05
03_07,3.991157881354544,-1.1693088186603973e-06,-2.9297483422618953e-07,-1.9176664626030514e-06,2.657781891314741e-05,2.466015245054436e-05
03_08,0.33865102819925763,1.341159654333346e-06,3.960299962663116e-06,5.3999073292959605e-06,9.732968910916336e-05,0.00010272959643845932
03_09,2.039099994377752,1.622878827434171e-06,7.958799626839319e-07,2.6615212769920403e-06,5.439110089243028e-06,8.100631366235067e-06
03_10,0.915625838392124,5.628698632742513e-07,6.147378543430726e-07,1.0722952637121084e-06,1.0657487939442231e-05,1.172978320315434e-05
03_11,-0.39790895015683503,-5.286020146044734e-07,1.3284496727106188e-06,1.1655552972511527e-06,6.545546743585657e-05,6.662102273310773e-05
03_12,-1.2695365315626872,-3.2025193736906488e-06,2.522589381298568e-06,7.620891080445389e-07,0.00021614062383426295,0.00021690271294230748
03_13,-2.307048866990914,-3.842133004194892e-06,1.6653886526496464e-06,-6.372647187480323e-07,0.0001845153130183267,0.00018387804829957867
03_14,0.8195779345386983,-8.83788060734858e-07,-1.078345357397037e-06,-1.8126138275176283e-06,-2.618934989641434e-06,-4.431548817159063e-06
03_15,0.590809440143547,4.504225933343875e-07,7.623821874358505e-07,1.1663946052775653e-06,1.6528634997609563e-05,1.7695029602887127e-05
03_16,10.982998309452565,8.881931383708519e-06,8.086982382637942e-07,1.456636746928197e-05,-6.193067364302789e-05,-4.736430617374592e-05
03_17,1.898021603874523,1.406606979292846e-05,7.410911321670266e-06,2.3068354460402673e-05,-6.0282866282071714e-05,-3.7214511821669045e-05
03_19,9.190058897670324,-1.3672496249172994e-05,-1.4877484901254512e-06,-2.242289384864371e-05,0.00019543073163665338,0.00017300783778800968
03_20,0.3946530327633279,-3.2075004029463727e-06,-8.127393271217809e-06,-1.1382178595132908e-05,-0.00015094244200956176,-0.00016232462060469466
03_21,-7.635471631713998,4.804963983140453e-06,-6.292949820130289e-07,2.4538799493778465e-06,-6.533903171155379e-05,-6.288515176217594e-05
03_22,1.874688802465641,6.960488002194509e-06,3.712876501443807e-06,1.1415200323598994e-05,4.084531908525896e-05,5.2260519408857956e-05
03_23,-0.054127519246070066,-3.91798597454418e-08,7.238436250389668e-07,7.993230251124305e-07,2.2994713123505977e-05,2.3794036148618407e-05
03_24,-0.18993832609296357,6.387938600305176e-07,-3.3631646291221173e-06,-3.412403729579072e-06,-0.00012029581729243027,-0.00012370822102200933
03_25,1.0727098954003298,-2.558239241223781e-06,-2.384837925140104e-06,-4.195512355607001e-06,-7.297804715537849e-06,-1.1493317071144849e-05
03_26,-2.952305821712319,-2.409062366814929e-06,8.159935021290199e-07,-6.597485696707708e-07,8.523024353466136e-05,8.457049496499058e-05
03_27,-4.713729938920868,-2.665038407789755e-06,5.653778307884716e-07,-1.1143946220423807e-06,0.00010911924219442231,0.00010800484757237992
03_28,0.18392984586835637,9.986214194457332e-08,5.429360388636839e-07,6.848560979880181e-07,2.3781202583266932e-05,2.446605868125495e-05
03_29,0.17041649976811293,1.3150303164177757e-06,7.716566871207586e-06,9.664806242012379e-06,0.00041586412022151395,0.0004255289264635263
03_30,0.6245311937150336,8.547005172721e-06,1.3685473614022392e-05,2.124246333398139e-05,0.0003989723414709163,0.0004202148048048977
03_31,-17.110858827489242,-7.899661603194552e-07,4.616753421227138e-08,-4.687466768088511e-07,1.7061027128286852e-05,1.6592280451478003e-05
03_32,1.224830427710441,-1.4472750476723917e-05,-1.181612584835734e-05,-2.3735310781827223e-05,-0.000188650268050996,-0.00021238557883282325
03_33,-0.3944254259179625,-7.372393411753109e-06,1.8691476074583768e-05,1.644250307326844e-05,0.0005860606597593625,0.000602503162832631
04_05,1.6658844032520852,6.250442767696818e-06,3.7520267045509925e-06,1.025072613902278e-05,-0.0005659127125768925,-0.0005556619864378697
04_06,1.986116057649756,4.13868299896647e-05,2.083807229202872e-05,6.78744011830501e-05,-0.00018433431674741036,-0.00011645991556436027
04_07,2.555670990503016,-8.095121273199446e-06,-3.1675130731934065e-06,-1.327599888804709e-05,7.997046758884463e-05,6.669446870079754e-05
04_08,14.577901745082723,3.155617836148039e-06,2.1646584613677078e-07,5.1752132512827836e-06,-2.37234974501992e-06,2.8028635062628634e-06
04_09,1.8148033379842192,4.975266563844727e-06,2.741490749830211e-06,8.159437164705351e-06,1.359125245577689e-05,2.175068962048224e-05
04_10,2.717869798033688,1.6897119755610035e-06,6.21704533743106e-07,2.7711276399200455e-06,-3.5615388430278887e-06,-7.904112031078431e-07
04_11,3.0675875922693745,-3.159353374471152e-06,-1.029914641209606e-06,-5.181339534132689e-06,4.023936818645418e-05,3.50580286523215e-05
04_12,0.8971807540873513,-3.4328060428689966e-06,-3.826214536178929e-06,-6.627536559537517e-06,3.7758759878884465e-05,3.1131223319346946e-05
04_13,1.6218071182446039,-2.9355256401242258e-06,-1.8100337624005203e-06,-4.81426204980373e-06,8.400874983426294e-05,7.919448778445921e-05
04_14,4.909327118201825,-1.2229155070819786e-06,-2.491004322258128e-07,-2.005581431614445e-06,2.2321335364143426e-05,2.031575393252898e-05
04_15,-2.441122625911421,-3.190919036777373e-07,1.307152292517877e-07,-6.15852950802687e-08,1.1914299443824701e-05,1.1852714148744433e-05
04_16,1.5088581605271831,8.971330778484443e-06,5.9457747674240835e-06,1.4712982476714487e-05,8.901382680478087e-06,2.3614365157192574e-05
04_17,0.4624208497303778,-3.2416292846670913e-06,-7.0101278663303734e-06,-1.0131021095496906e-05,-0.00014259337287649403,-0.00015272439397199093
04_18,1.4331991628213536,-0.00010086940995479576,-7.038059508507333e-05,-0.00016542583232586505,-4.711331718884462e-05,-0.00021253914951470967
04_20,3.5273729806959095,-1.6598373685616785e-05,-4.705590754494615e-06,-2.7221332844411527e-05,-0.00012270221971633468,-0.0001499235525607462
04_21,2.877263566843078,-6.40290417264211e-06,-2.2253450279730025e-06,-1.0500762843133059e-05,0.00014539935873466136,0.0001348985958915283
04_22,1.641291375335521,-2.5625421123942616e-06,-1.5612962761535343e-06,-4.202569064326589e-06,-2.9400528586454182e-05,-3.360309765078077e-05
04_23,-0.7651194899973695,-1.6618133125145818e-07,2.1719657311569662e-07,1.3792441472593172e-07,1.677486985498008e-05,1.6912794269706012e-05
04_24,0.5422209773024673,-5.917700131030657e-07,-1.0913816282931421e-06,-1.6347432649022053e-06,-5.736687014980079e-05,-5.9001613414703e-05
04_25,-2.9357111063447534,-7.231945613472845e-07,2.463439129907208e-07,-1.964763496797861e-07,3.848110011633466e-05,3.828462376665488e-05
04_26,0.8393097130753701,-4.600931542420028e-06,-5.481804238344212e-06,-9.28587164970962e-06,-6.006097464701195e-05,-6.934684629672158e-05
04_27,1.4052299288543508,-2.7235032445394047e-06,-1.9381192989248452e-06,-4.466545321044623e-06,8.370743378326693e-05,7.924088846222231e-05
04_28,1.0779398231990367,4.2361635999021985e-07,3.929870210500619e-07,6.947308303839605e-07,1.2262359453386454e-05,1.2957090283770414e-05
04_29,2.456648549497638,-8.080051965508872e-06,-3.2890549065967e-06,-1.3251285223434549e-05,0.00035909215499123505,0.0003458408697678005
04_30,0.8723008117458401,4.874839719226642e-06,5.588484675911332e-06,9.588266745228503e-06,0.00035788833258486053,0.000367476599330089
04_31,-10.405380477283952,-2.1791282850402993e-07,2.094232200156032e-08,-1.19948219730881e-07,8.66959468366534e-06,8.54964646393446e-06
04_32,1.5647195087264165,-2.2592598838189204e-05,-1.4438753215634259e-05,-3.705186209463029e-05,-0.00037431745167171315,-0.00041136931376634344
04_33,6.989702176354298,2.0014724250616567e-05,2.8634588063458644e-06,3.282414777101117e-05,-0.00016329215542629482,-0.00013046800765528365
05_07,0.8482673490463437,-8.950410215202709e-07,-1.0551402485625694e-06,-1.7935869575647078e-06,1.0208880862151394e-05,8.415293904586686e-06
05_08,0.33274791630260125,7.401747035284956e-07,2.224430769554031e-06,3.0243663816204026e-06,7.404825572430278e-05,7.707262210592318e-05
05_09,2.6703010878765707,-2.851278017024228e-06,-1.0677739787356977e-06,-4.676095947919734e-06,3.4230117729083666e-05,2.955402178116393e-05
05_10,3.295947651399824,-1.7034781112368336e-06,-5.16840159919818e-07,-2.7937041024284067e-06,1.8592116589641435e-05,1.579841248721303e-05
05_11,0.7525521512322166,8.331168677155887e-07,1.1070553267988892e-06,1.811900205243022e-06,3.33486639936255e-05,3.5160564198868515e-05
05_12,0.8743909577668707,1.429348303050304e-06,1.6346787330701051e-06,2.8069036357131203e-06,0.00010676135658964143,0.00010956826022535455
05_13,-0.18655783845619028,-2.318540350820797e-07,1.2427997504727006e-06,1.263768052384706e-06,0.00010106472077768924,0.00010232848883007394
05_14,-4.549905436610108,3.698837129917365e-07,-8.1294813297772e-08,1.51447163415086e-07,1.9853141163346613e-06,2.1367612797497473e-06
05_15,1.2582365619521851,6.944826063115528e-07,5.519491543259925e-07,1.1389514743509465e-06,8.33640968446215e-06,9.475361158813098e-06
05_16,2.033499406042199,1.7265305376490403e-06,8.490440334130156e-07,2.831510081744426e-06,-1.2354461279681275e-05,-9.522951197936849e-06
05_17,0.46491759766999635,8.706160492533144e-07,1.87262442552516e-06,2.7093984376058695e-06,1.7788448562549802e-05,2.0497847000155672e-05
05_18,48.15077381079333,6.658696273365017e-06,1.3828845824015445e-07,1.0920261888318627e-05,-6.549344168605578e-05,-5.457317979773715e-05
05_19,1.969012331123013,2.295383434103293e-06,1.1657537120624006e-06,3.7644288319294005e-06,-1.0932793864541833e-06,2.671149445475217e-06
05_21,1.1416393141354686,-7.199831144388824e-06,-6.3065725358635305e-06,-1.180772307679767e-05,-7.414294032828686e-05,-8.595066340508453e-05
05_22,2.7408511799057362,7.048902364803489e-06,2.5717931774194014e-06,1.1560199878277721e-05,-7.5830586199203185e-06,3.977141258357403e-06
05_23,-0.04206552382388885,-2.4121027564216746e-08,5.7341559955848e-07,6.377739053042841e-07,1.9341655222310755e-05,1.997942912761504e-05
05_24,-0.22580330340383037,4.389879734167934e-07,-1.944116701568799e-06,-1.9265609773333465e-06,-8.970464621513944e-05,-9.163120719247279e-05
05_25,1.2836755726009526,-1.8322704777862242e-06,-1.4273625804639423e-06,-3.0049235835694076e-06,-3.461179760956175e-08,-3.0395353811789694e-06
05_26,1.8385779450608626,4.366052198223613e-06,2.374689748646519e-06,7.1603256050867255e-06,-3.2633519553784864e-06,3.8969736497082395e-06
05_27,-3.2692389196968055,-6.06868537589289e-07,1.8562991341286583e-07,-1.8891513351826375e-07,5.997531145816733e-05,5.978639632464906e-05
05_28,0.5005538064709194,2.2224088447320156e-07,4.439899998764929e-07,6.528275836115149e-07,1.8071266121115538e-05,1.8724093704727055e-05
05_29,0.8312073872957385,2.328903083603784e-06,2.801831551546563e-06,4.731164003941579e-06,0.000258266317740239,0.0002629974817441806
05_30,0.5922352944150073,4.265210769682781e-06,7.201885483532067e-06,1.102518855921719e-05,0.0003262452465641434,0.0003372704351233606
05_31,-1.9496152066673567,-3.1564755603730177e-07,1.6190248976200028e-07,-2.3758548655938896e-08,1.2208757800796813e-05,1.2184999252140875e-05
05_32,0.6126896426283976,-3.068867225897165e-06,-5.0088446292839706e-06,-7.735535246475854e-06,-0.0003313872736828685,-0.0003391228089293444
05_33,-1.8118991372252793,-9.08578713942898e-06,5.0145104397714135e-06,-2.800776106837165e-07,0.0003007197193577689,0.00030043964174708516
06_07,6.842564365646467,-1.0539396477327045e-05,-1.5402699798106045e-06,-1.7284610222816355e-05,0.00014718288930996016,0.0001298982790871438
06_08,-24.73475145835442,5.868600841063554e-06,-2.3726136286206234e-07,3.602798601439195e-06,-8.209145580717131e-05,-7.848865720573212e-05
06_09,2.841438531795722,9.666134367813939e-06,3.4018453187179e-06,1.5852460363214858e-05,-6.148347857848605e-05,-4.5631018215271194e-05
06_10,2.6432225538357033,5.3146142543480934e-06,2.0106571225475545e-06,8.715967377130873e-06,-2.1818896756972113e-05,-1.310292937984124e-05
06_11,-31.515418155833505,1.6611942934563473e-06,-5.271052680444477e-08,1.036298233124122e-06,-3.584834969402391e-05,-3.481205146089978e-05
06_12,3.5251458189810165,4.8953968589948715e-06,1.388707619592866e-06,8.028450848751588e-06,-7.104813097051792e-05,-6.301968012176633e-05
06_13,-1.4002800514910283,2.6861210673523317e-06,-1.9182741798629e-06,-4.13992660591167e-07,-9.804765392828685e-05,-9.846164658887801e-05
06_14,3.0999441685078004,-3.608995047477137e-06,-1.1642129184585848e-06,-5.918751877862505e-06,-9.266360685258964e-07,-6.845387946388401e-06
06_15,1.311328216484754,-5.465700341211743e-07,-4.168064312581876e-07,-8.963748559587258e-07,-5.33962100876494e-06,-6.2359958647236655e-06
06_16,-10.339295439861871,4.030965961021593e-06,-3.8986853451161707e-07,2.215987404931008e-06,-2.351189327171315e-05,-2.129590586678214e-05
06_17,26.973622296676265,5.8490161359836534e-06,2.1684207154870627e-07,9.592386463013191e-06,-4.305090909482071e-05,-3.345852263180752e-05
06_18,2.6992701883394323,1.909408568412374e-05,7.073795638024016e-06,3.131430052196293e-05,-8.855797049721116e-05,-5.724366997524823e-05
06_19,1.716354099090903,1.5002875892622392e-05,8.741130924305729e-06,2.460471646390072e-05,-4.777459121115538e-05,-2.3169874747254657e-05
06_21,-1.0977280625952979,-7.591106660598257e-06,6.915288876419012e-06,2.8732989231228237e-06,0.0002567170317434263,0.00025959033066654913
06_22,3.8088730674894227,-1.0501789916239623e-05,-2.757190835755985e-06,-1.722293546263298e-05,4.22690792749004e-05,2.5046143812267417e-05
06_23,17.199102816180623,2.255862552313914e-06,1.3116164118698315e-07,3.699614585794819e-06,-2.750714348844622e-05,-2.38075289026514e-05
06_24,-67.58876088777636,-8.693716033070231e-06,1.2862665210722213e-07,-5.59121819842412e-06,0.00011073671972270916,0.00010514550152428504
06_25,1.146635748580596,2.843361285309598e-06,2.4797424019173953e-06,4.663112507907741e-06,-1.8621463925099603e-05,-1.3958351417191863e-05
06_26,2.433169222867207,-7.8681059834107e-06,-3.233686300757599e-06,-1.2903693812793549e-05,5.212349764302788e-05,3.9219803830234334e-05
06_27,-0.006499276129802472,1.0306941800042324e-08,-1.585859962585645e-06,-1.8010777757596075e-06,-7.547908461354581e-05,-7.728016238930542e-05
06_28,10.513283686165305,1.36090459113003e-06,1.2944619699750692e-07,2.231883529453249e-06,-2.222820260876494e-05,-1.9996319079311692e-05
06_29,-0.08778544554805107,4.6120207453093087e-07,-5.253741911903642e-06,-5.684872410379737e-06,-7.980490294820717e-05,-8.54897753585869e-05
06_30,-1.700913408950553,1.3949113537359281e-05,-8.200954536519145e-06,-1.426732369746997e-07,-0.00038336980593147406,-0.00038351247916844876
06_31,6.870710499271092,1.5330245006217602e-06,2.231245954525951e-07,2.5141601810196866e-06,-1.5806773389641436e-05,-1.329261320862175e-05
06_32,11.504021783904715,-3.336625594640985e-05,-2.900399231953177e-06,-5.472065975211215e-05,0.000433375879949004,0.00037865522019689185
06_33,1.9744164400995783,-1.540860422966084e-05,-7.804130839228485e-06,-2.5270110936643773e-05,0.0002458547807139442,0.00022058466977730045
07_08,0.005791205992484887,6.666094232166131e-09,1.1510718563312317e-06,1.3166215384108337e-06,2.29995364749004e-05,2.4316158013311232e-05
07_09,6.4546442138582885,7.789229189425484e-07,1.2067635227208662e-07,1.2774335870657793e-06,-1.0512319478884462e-05,-9.234885891818684e-06
07_10,1.7534054012425313,-4.4633325413379055e-07,-2.54552229517202e-07,-7.319865367794164e-07,-3.9102496095617527e-07,-1.1230114977355918e-06
07_11,1.7812355855067763,5.567076961532358e-06,3.1254018316440035e-06,9.130006216913066e-06,2.765205319521912e-06,1.1895211536434979e-05
07_12,5.583394778422652,-1.621494088732689e-05,-2.904136556847181e-06,-2.6592503055216097e-05,0.0001819001895505976,0.00015530768649538152
07_13,3.7197217855357567,-5.6437058185254685e-05,-1.5172386925471626e-05,-9.255677542381767e-05,0.0007778267302135458,0.0006852699547897281
07_14,-185.6429611020741,9.60714982300992e-06,-5.1750681878681704e-08,6.28172310584485e-06,-6.554880028207171e-05,-5.9267077176226856e-05
07_15,1.4923503612095699,1.0823726719344506e-06,7.252805373780813e-07,1.775091181972499e-06,3.850997405577689e-06,5.626088587550188e-06
07_16,0.06490457229472824,4.235965289645094e-08,6.526451280519652e-07,7.719728168908978e-07,-7.138805815139442e-06,-6.366832998248543e-06
07_17,0.6603744283959608,1.470993878815996e-06,2.227514899977301e-06,3.5102229459926802e-06,2.63425497689243e-06,6.144477922885111e-06
07_18,2.029792432465101,6.040880869639942e-06,2.9761076911216655e-06,9.907044626209504e-06,-3.762958421513944e-05,-2.7722539588929937e-05
07_19,0.32624275975963707,7.200150947683781e-07,2.2069917974543163e-06,2.99118061164505e-06,4.8026808812749005e-05,5.1017989424394056e-05
07_20,-0.37914624139393993,6.42318704890954e-07,-1.694118613781992e-06,-1.507364874483441e-06,-0.00014227819296095618,-0.0001437855578354396
07_22,2.055889598868027,3.907421280535672e-06,1.9005987883236042e-06,6.408170900078502e-06,-7.230387016414343e-05,-6.589569926406494e-05
07_23,1.438471006794489,1.2157773485177437e-06,8.45187245884782e-07,1.9938748515690994e-06,1.7896490661354582e-06,3.7835239177045575e-06
07_24,1.2670884943870153,-6.136950455259971e-06,-4.843347944871734e-06,-1.0064598746626351e-05,-3.406763222788844e-05,-4.4132230974514793e-05
07_25,2.499751554641429,1.1905420058688776e-05,4.762641325928296e-06,1.952488889624959e-05,-8.070484562549802e-05,-6.117995672924843e-05
07_26,-1.172422092698049,6.567680415736632e-06,-5.601805404931159e-06,-2.051389087235344e-06,-0.00023606349746454184,-0.00023811488655177719
07_27,2.9239041754322006,-6.799513311239735e-05,-2.32549115951608e-05,-0.00011151201830433166,0.001146900491505976,0.0010353884732016445
07_28,2.7219057572988583,5.458753021048146e-06,2.005489354806045e-06,8.952354954518958e-06,-2.6298789456573706e-05,-1.7346434502054748e-05
07_29,1.4394953859863346,2.2053456931958593e-05,1.5320269273977338e-05,3.616766936841209e-05,0.0006092496127330678,0.0006454172821014799
07_30,1.3232344434001455,2.357013035414468e-05,1.7812512719650453e-05,3.865501378079727e-05,0.00037862406186932275,0.00041727907565012
07_31,3.5990226781737458,6.99009958471386e-07,1.9422216000763992e-07,1.146376331893073e-06,-4.683302669322709e-06,-3.5369263374296364e-06
07_32,1.4974026380592118,-2.9286358627089726e-05,-1.9558105403799653e-05,-4.802962814842715e-05,-0.0002443770264191235,-0.00029240665456755065
07_33,3.048188646597244,-7.561821707247063e-06,-2.4807590946474e-06,-1.2401387599885182e-05,8.860025468207171e-05,7.619886708218653e-05
08_10,0.9085513822797283,-1.8376412570519918e-06,-2.022605757795448e-06,-3.5186137935411253e-06,-0.0009148776012175298,-0.0009183962150110708
08_11,-0.42017236015324233,-5.79084210605707e-06,1.3782063398803945e-05,1.188959648463883e-05,0.000428435961974502,0.0004403255584591409
08_12,1.0661913180927913,2.9405161743878416e-05,2.7579629701429687e-05,4.82244652599606e-05,0.0006610263693816732,0.0007092508346416338
08_13,1.040804477833685,2.59436164266047e-05,2.4926503468358785e-05,4.25475309396317e-05,0.0006512663204717131,0.0006938138514113448
08_14,2.5448540097627887,-9.3387039830084e-06,-3.669642324150013e-06,-1.5315474532133777e-05,4.804629389482071e-05,3.273081936268693e-05
08_15,0.23014513731360942,7.684720824130409e-07,3.3390759039408913e-06,4.313738104885222e-06,0.00012150141437609561,0.00012581515248098085
08_16,-0.44306955462464975,-1.095426120256704e-06,2.4723570121731875e-06,2.095505754508009e-06,0.00013305388635378486,0.00013514939210829287
08_17,0.8663480383794439,1.559224429314998e-05,1.7997667914521065e-05,3.0808222656033e-05,0.00036265741645258965,0.00039346563910862265
08_18,0.21763910237122777,3.6716520570578837e-06,1.687036941916409e-05,2.165551149550526e-05,0.0005318326639665339,0.0005534881754620391
08_19,0.7290733765589733,8.042413528475123e-07,1.1031007011164107e-06,1.7883340921520662e-06,3.698583073625498e-05,3.8774164828407046e-05
08_20,0.46669817964372173,6.232736499689473e-06,1.335496209659004e-05,1.9338262879907695e-05,0.0004392673720286853,0.00045860563490859294
08_21,1.577757941224202,1.2110780885921102e-05,7.67594354589285e-06,1.9861680652910606e-05,0.00013839081089721118,0.0001582524915501218
08_22,-0.15252468277580464,-1.2505206132717994e-05,8.198808156906212e-05,8.521297694113694e-05,-0.00016917895626294822,-8.396597932181128e-05
08_23,0.835381754273508,1.635872690058937e-05,1.9582336838103176e-05,3.3120623749826605e-05,0.00045624400064063746,0.0004893646243904641
08_24,0.3280152652246291,-5.6864211958052024e-06,-1.73358431715398e-05,-2.3515899204786804e-05,-0.0006658748249131474,-0.0006893907241179342
08_25,1.2347729644885381,2.3234047174303107e-05,1.881645277512778e-05,3.810383736585709e-05,0.0003172467379330677,0.0003553505752989248
08_26,-1.27938012297194,-3.4743417787197473e-06,2.715644644102344e-06,8.02769320321639e-07,0.00024169547836653388,0.00024249824768685552
08_27,1.3382694395283021,1.9023429582487594e-05,1.4214947319721172e-05,3.1198424515279654e-05,0.0004637774962804781,0.0004949759207957577
08_28,0.9723480443958382,4.5146154511455094e-06,4.643003580009908e-06,8.27267027896733e-06,9.54976217067729e-05,0.00010377029198574024
08_29,0.9379554367000895,4.594991924766756e-05,4.898944816539297e-05,8.617491761200857e-05,0.0016380370453402391,0.0017242119629522477
08_30,0.6461151681584562,4.3931474185465724e-05,6.799325623429997e-05,0.00010650708506950934,0.001986621369730677,0.0020931284548001863
08_31,0.7724759545842282,2.8485813858281084e-06,3.6875987775714103e-06,6.083926321077959e-06,5.4283237059760956e-05,6.0367163380838914e-05
08_32,-1.6717025314133451,3.846283792907634e-05,-2.3008183098555124e-05,-8.438556991624491e-07,-0.002080986604779283,-0.0020818304604784455
08_33,0.3138421343350021,-6.791737624523009e-06,-2.164061762743863e-05,-2.9152850927465224e-05,-0.000765505724063745,-0.0007946585749912103
09_11,2.775111030258862,-6.670237611139385e-06,-2.40359305930804e-06,-1.093918968226859e-05,4.502662175776892e-05,3.408743207550033e-05
09_12,2.7414241067749963,-2.6075501437183846e-05,-9.51166270579673e-06,-4.2763822356981506e-05,0.0002559998427346614,0.00021323602037767988
09_13,3.3011838830444,-1.9704769649853127e-05,-5.96900092450503e-06,-3.231582222575913e-05,0.00018740249819760956,0.00015508667597185043
09_14,57.80890683924804,6.658755920652126e-06,1.1518563980406071e-07,1.0920359709869486e-05,-0.0001365261724063745,-0.00012560581269650502
09_15,-3.6819020479916293,-3.5068399293347596e-06,9.524533471083618e-07,-1.228717537657409e-06,9.274147258964144e-05,9.151275505198402e-05
09_16,2.644039209384985,-1.889456573656023e-05,-7.146098919219579e-06,-3.098708780795878e-05,0.00032426983221992033,0.00029328274441196156
09_17,2.7654517933294955,-1.1818021529608203e-05,-4.273450565334125e-06,-1.938155530855745e-05,7.36740739505976e-05,5.429251864204015e-05
09_18,1.6175829225314484,-7.171779786041554e-06,-4.4336396521904575e-06,-1.1761718849108148e-05,1.2876160318725099e-05,1.1144414696169511e-06
09_19,-0.010049459863641017,-6.164232790872859e-09,6.133894631665804e-07,6.951955943679254e-07,1.3652838683665337e-05,1.4348034278033263e-05
09_20,1.958311008384832,-9.218655288800726e-06,-4.707452110175314e-06,-1.5118594673633188e-05,8.066103187569721e-05,6.554243720206403e-05
09_21,2.6932496312640715,1.4151676416940262e-05,5.254498600004709e-06,2.3208749323782028e-05,-0.00016688157434103588,-0.00014367282501725386
09_22,7.435985162703171,1.852358866272219e-05,2.49107391386838e-06,3.037868540686439e-05,-0.00025421932399521914,-0.00022384063858835475
09_23,1.8635501559476575,9.000660508495795e-05,4.829846129855708e-05,0.00014761083233933104,-0.0017916601688653386,-0.0016440493365260077
09_24,1.5891516184584449,0.00010187249643900387,6.410495717068532e-05,0.00016707089415996632,-0.0012967234420956176,-0.0011296525479356511
09_25,0.6215847357623252,-8.043759805564932e-06,-1.294072930491108e-05,-2.0061312879271485e-05,-0.0004586313124812749,-0.0004786926253605464
09_26,2.5690824435757387,-1.6132657890688407e-06,-6.279540748499457e-07,-2.6457558940728987e-06,5.301084454183267e-06,2.6553285601103685e-06
09_27,9.257357310279035,-7.281367891409651e-06,-7.865492977487953e-07,-1.1941443341911827e-05,6.270877152191235e-05,5.0767328180000526e-05
09_28,0.4147348776812655,-3.676303290678362e-07,-8.864225047172658e-07,-1.2531576725624548e-06,-7.2805074565737055e-06,-8.53366512913616e-06
09_29,2.1637896522045104,-3.184865937355674e-05,-1.4718925816614714e-05,-5.2231801372633056e-05,0.0007527170175298805,0.0007004852161572474
09_30,1.7798620673947192,-4.478871807100937e-05,-2.5164151139289714e-05,-7.345349763645536e-05,0.000781160553383267,0.0007077070557468116
09_31,1.195116412685447,2.5737588423946356e-05,2.1535632973287977e-05,4.2209645015272024e-05,4.492412516015936e-05,8.713377017543139e-05
09_32,1.1004894722421423,0.00010393310532030853,9.444261661908926e-05,0.00017045029272530599,0.0013563889768,0.001526839269525306
09_33,1.5572852214433772,1.2226209015420153e-05,7.85097607494678e-06,2.005098278528905e-05,-2.5353188780876495e-06,1.75156639072014e-05
10_11,2.767803241133879,-1.0669272478391889e-05,-3.8547799640631375e-06,-1.7497606864562697e-05,6.548173654023904e-05,4.7984129675676345e-05
10_12,2.484854272317168,-1.970258170891359e-05,-7.929069293283186e-06,-3.2312234002618286e-05,0.00013749840349641434,0.00010518616949379607
10_13,3.1647636332223885,-1.5978269113925414e-05,-5.048803312257544e-06,-2.6204361346837677e-05,0.00015786518909322709,0.0001316608277463894
10_14,-0.09633337682863119,5.5779963203939076e-08,-5.79030498465416e-07,-6.232799925359744e-07,-6.673559282868527e-06,-7.296839275404501e-06
10_15,7.460974623282029,-5.165992753686233e-06,-6.924018663145848e-07,-8.472228116045421e-06,7.50715245625498e-05,6.659929644650438e-05
10_16,1.7973327033823525,-1.1358394036098396e-05,-6.319583466501966e-06,-1.8627766219201368e-05,1.5721474231075698e-05,-2.90629198812567e-06
10_17,1.3852563656490957,-5.8691988900072545e-06,-4.236904471655034e-06,-9.625486179611896e-06,-4.945855470916335e-06,-1.4571341650528232e-05
10_18,-0.23598219394760908,-4.3844777186663464e-07,1.8579697244613946e-06,1.8287099564540106e-06,9.900144359840638e-05,0.00010083015355486038
10_19,11.5879961061655,-9.095943757086999e-07,-7.849453584340971e-08,-1.4917347761622678e-06,1.0132631541035858e-05,8.64089676487359e-06
10_20,-2.671152393801554,-2.328431376485973e-06,8.716954457144155e-07,-5.430319003663087e-07,0.00010920294743904383,0.00010865991553867754
10_21,2.50328692507084,5.7265477659829145e-06,2.2876114234571254e-06,9.391538336211978e-06,-2.1570954071713148e-05,-1.217941573550117e-05
10_22,2.723731261874225,-1.8674390087514148e-05,-6.856179370157145e-06,-3.06259997435232e-05,1.9038285258964143e-07,-3.043561689093356e-05
10_23,4.382981061032713,-1.353819795552047e-05,-3.088810507506645e-06,-2.220264464705357e-05,0.00023548894438884464,0.00021328629974179107
10_24,-15.260667083457824,4.949417499788833e-05,-3.243251079865228e-06,2.8968849267559938e-05,-0.0010729993230772909,-0.0010440304738097309
10_25,1.6087592254266485,-1.1676639257163224e-05,-7.258164598289429e-06,-1.9149688381747684e-05,5.940680343107569e-05,4.0257115049328006e-05
10_26,2.36511336296109,-5.982833777729013e-06,-2.5296181871969914e-06,-9.81184739547558e-06,3.247197062470119e-05,2.2660123229225614e-05
10_27,2.2851957359148396,-9.304451375868883e-06,-4.071621187470842e-06,-1.5259300256424966e-05,0.00010573521029322709,9.047591003680212e-05
10_28,2.7389239815167343,-4.356205248801093e-06,-1.5904805238109443e-06,-7.1441766080337915e-06,3.600909507729084e-05,2.886491846925705e-05
10_29,-25.317891248120763,-1.6656194298358962e-05,6.578823700253977e-07,-1.0243102335087961e-05,0.0006190532136828685,0.0006088101113477805
10_30,0.4945144990609777,1.5579187482739343e-05,3.150400546864107e-05,4.619682997285879e-05,0.0010681784167840638,0.0011143752467569225
10_31,-12.69629415823951,-8.496810477043315e-06,6.692354769938236e-07,-4.844966471075629e-06,1.5077726662948206e-05,1.0232760191872577e-05
10_32,1.89250115209177,-9.65318673722404e-05,-5.1007560690541354e-05,-0.00015831226249047423,-0.00034807782528446216,-0.0005063900877749364
10_33,0.4598566414865454,-1.6608952988494963e-06,-3.611767557559764e-06,-5.213605912858798e-06,-0.00014320431379282868,-0.00014841791970568747
11_13,3.1071069718115623,-5.2856881249452314e-05,-1.7011606529476753e-05,-8.668528524910179e-05,0.0006535252540605577,0.0005668399688114559
11_14,1.4505381772533092,8.530725905009362e-06,5.8810764437533525e-06,1.3990390484215353e-05,1.337758732430279e-05,2.7367977808518142e-05
11_15,1.701084509796136,3.3172777970102985e-06,1.950095822933484e-06,5.440335587096889e-06,1.6971229314741035e-05,2.2411564901837926e-05
11_16,1.981137041936248,-5.210331250893319e-07,-2.6299701336163217e-07,-8.544943251465042e-07,-4.236534050996016e-05,-4.3219834835106665e-05
11_17,0.7232370922315894,7.660614143811806e-06,1.0592120102931313e-05,1.7131022252257487e-05,7.084546588844622e-05,8.79764881407037e-05
11_18,1.1563267376566735,1.7733757660121086e-05,1.5336286088185602e-05,2.9083362562598578e-05,0.0004119603438151394,0.000441043706377738
11_19,2.3346484851036404,2.416762435397679e-06,1.0351718688350608e-06,3.963490394052193e-06,5.015515859760956e-06,8.97900625381315e-06
11_20,1.2485138041777852,1.2805432010098983e-05,1.0256540189823582e-05,2.100090849656233e-05,0.00027843827025976096,0.0002994391787563233
11_21,0.2542004343005337,1.088168148477564e-06,4.280748581220184e-06,5.598244360586202e-06,0.00015721047922071714,0.00016280872358130334
11_22,1.5260558803785396,0.00013294498167548685,8.711671923999909e-05,0.00021802976994779843,0.0009609433409083666,0.001178973110856165
11_23,1.3862969240435004,9.705977246032838e-06,7.00136967607401e-06,1.5917802683493854e-05,3.385044661673307e-05,4.976824930022692e-05
11_24,0.9427645118430458,-1.0465701289819052e-05,-1.1101076841935065e-05,-1.9562590451086546e-05,-0.0003269242318996016,-0.0003464868223506881
11_26,0.9534904654082531,3.110902541003657e-05,3.262646721560736e-05,5.7726129396416524e-05,0.0003089445028,0.00036667063219641657
11_27,0.7364521570380254,4.050864520710462e-06,5.500512805886593e-06,8.944155182379619e-06,0.0002740553848191235,0.0002829995400015031
11_28,1.0696226082798055,7.114264356733457e-06,6.651191085213504e-06,1.166739354504287e-05,5.97710033498008e-05,7.143839689484367e-05
11_29,1.5547330724327144,4.616607807506057e-05,2.9693893372206848e-05,7.571236804309933e-05,0.0007727422763426294,0.0008484546443857288
11_30,1.400740389572324,5.9408170343777655e-05,4.2411977826894987e-05,9.742939936379535e-05,0.0007415032462645418,0.0008389326456283372
11_31,1.622551318503274,2.434341912826987e-06,1.5003173613470366e-06,3.992320737036259e-06,2.877033019920319e-06,6.869353756956577e-06
11_32,1.1763007213840309,-6.938521266652842e-05,-5.898594756015285e-05,-0.0001137917487731066,-0.0011912065690788845,-0.0013049983178519912
11_33,1.2421412849110705,-2.404419052592921e-05,-1.935704965128071e-05,-3.94324724625239e-05,-0.0004886031881258965,-0.0005280356605884204
12_14,1.0204825529456862,6.2905465330054255e-06,6.164286214249692e-06,1.0316496314128897e-05,0.0005771780074948208,0.0005874945038089497
12_15,1.5030063333582964,5.205633347826755e-06,3.463480646948014e-06,8.537238690435877e-06,5.9004492379282874e-05,6.754173106971876e-05
12_16,3.9259034642213932,-7.100617501309969e-06,-1.8086582021237252e-06,-1.1645012702148349e-05,-5.872851477928287e-05,-7.037352748143121e-05
12_17,-0.22962028067125773,-1.9202265579831845e-06,8.362617415019757e-06,8.26603432485362e-06,0.00034220507271553785,0.00035047110704039146
12_18,1.289667903332996,3.499241897397809e-05,2.7132891253278668e-05,5.738756711732407e-05,0.001122269918323506,0.00117965748544083
12_19,-1.364517067149445,-9.290221253399622e-07,6.8084316987016e-07,1.630066109276073e-07,8.791531206533865e-05,8.807831867626626e-05
12_20,1.6115873140845511,2.2897217497264144e-05,1.4207866553150872e-05,3.755143669551319e-05,0.0006964806631792828,0.0007340320998747961
12_21,0.8199680917157128,8.261553281263545e-06,1.0075457038793978e-05,1.6938646189859074e-05,0.0006973832034135458,0.0007143218496034048
12_22,-29.952543115959408,-3.3939807527860744e-05,1.1331193947861085e-06,-2.110851685833193e-05,0.001417927599102789,0.001396819082244457
12_23,0.34590068728649603,2.7153690528303187e-06,7.850140669368733e-06,1.0741303937948365e-05,0.00023172918204780878,0.00024247048598575714
12_24,0.7299475872153507,-2.0377995742504318e-05,-2.79170670599016e-05,-4.527493363834068e-05,-0.0009980093109338644,-0.0010432842445722052
12_25,1.5048870670354264,-0.0003165551283986767,-0.00021035141794545353,-0.0005191504105738298,-0.000499633223225498,-0.0010187836337993278
12_27,3.736707749585226,4.2891387285359794e-05,1.1478389577060377e-05,7.034187514799006e-05,0.0021161733002756974,0.0021865151754236873
12_28,-3.64368447408503,-2.787124388059503e-06,7.649192480529976e-07,-9.67494153338855e-07,0.00018325858905498006,0.0001822910949016412
12_29,2.0716896498296706,0.00013915083055149324,6.716779734017297e-05,0.0002282073621044489,0.0027817378154645417,0.0030099451775689907
12_30,1.1463105807496847,0.00013171075465301385,0.00011489971118200382,0.0002160056376309427,0.0032744505160350597,0.0034904561536660025
12_31,-1.1355549271748067,-1.1334043868993504e-06,9.981061767916355e-07,3.89794146188893e-07,6.000275382948207e-05,6.0392547975670964e-05
12_32,1.0669924615109403,-0.00011812299421176675,-0.00011070649369396279,-0.00019372171050729747,-0.0038275122955553783,-0.004021234006062676
12_33,1.3344644350119117,-3.964082895691057e-05,-2.970542182831326e-05,-6.501095948933332e-05,-0.0014123491518661354,-0.0014773601113554687
13_15,2.51226370147189,5.335157237329469e-06,2.1236453936757105e-06,8.749657869220327e-06,-2.740194294820717e-07,8.475638439738255e-06
13_16,4.486962907858548,-6.90367228073363e-06,-1.5386069424916382e-06,-1.1322022540403152e-05,-4.300607578645419e-05,-5.432809832685734e-05
13_17,0.27328434578222655,2.057024329316093e-06,7.527047783978391e-06,9.938470531083987e-06,0.0002459022456844622,0.00025584071621554614
13_18,1.0750104542998475,2.8743627694893803e-05,2.6737998295667254e-05,4.713954941962583e-05,0.0009407644727139442,0.00098790402213357
13_19,2.998222318253599,-5.4978467104449535e-06,-1.8337021497616401e-06,-9.016468605129723e-06,6.807377350119522e-05,5.9057304896065495e-05
13_20,1.1330590691865736,1.3094827937765174e-05,1.1557056727118376e-05,2.1475517817934883e-05,0.00047522424358725096,0.0004966997614051858
13_21,-2.985291321423019,-3.57826912997794e-05,1.1986331465541067e-05,-9.952158387137589e-06,0.001312394350613546,0.0013024421922264084
13_22,3.9356464471396153,6.647407626680923e-05,1.689025606330108e-05,0.00010901748507756713,0.0006752292935458167,0.0007842467786233838
13_23,0.348317832805221,2.2397513971816885e-06,6.4301944552869195e-06,8.808657601167003e-06,0.00014203082190119524,0.00015083947950236224
13_24,0.15632785587247078,-2.724409022492047e-06,-1.7427533994418543e-05,-2.1665498708481887e-05,-0.0008228449790358566,-0.0008445104777443385
13_25,2.67380707344726,-9.887511237149926e-05,-3.697914982475625e-05,-0.00016215518428925878,0.0003578242804541833,0.0001956690961649245
13_26,3.429360096072687,-0.00017456254922754155,-5.0902367887073474e-05,-0.0002862825807331681,0.0011403878265386453,0.0008541052458054773
13_28,-0.0659379165120294,-2.865256711337416e-07,4.345385573131799e-06,4.76463261042198e-06,0.0002600927784780877,0.00026485741108850966
13_29,4.895551063422889,5.685297865509753e-05,1.1613192859916133e-05,9.323888499435994e-05,0.00122273814163506,0.0013159770266294199
13_30,1.1056988609658431,8.696013133890901e-05,7.864721074501979e-05,0.00014261461539581075,0.002260534248447809,0.00240314886384362
13_31,-0.5018654158247152,-7.379307619959086e-07,1.470375799422774e-06,1.1891941084246625e-06,6.274784514262948e-05,6.393703925105414e-05
13_32,1.0202583539922105,-9.270604124400617e-05,-9.086526062859757e-05,-0.0001520379076401701,-0.0030178546953896416,-0.0031698926030298115
13_33,1.0195245821648866,-2.4299563505691957e-05,-2.3834210504364295e-05,-3.985128414933481e-05,-0.0010927811296749005,-0.0011326324138242352
14_15,1.9868456715902276,2.2763155050897765e-06,1.1456931646169899e-06,3.7331574283472334e-06,-2.080662137370518e-05,-1.7073463945357945e-05
14_16,1.3678273470101094,-6.859579604334698e-07,-5.01494550414483e-07,-1.1249710551108903e-06,-1.3219048181673305e-05,-1.4344019236784195e-05
14_17,1.8333416881523565,-1.2174534953501848e-06,-6.640625166698388e-07,-1.9966237323743028e-06,-3.216639807330677e-05,-3.416302180568107e-05
14_18,9.20605060282189,6.6350523871827605e-06,7.207273426401706e-07,1.0881485914979726e-05,3.230170814501992e-05,4.318319405999965e-05
14_19,1.482488231075817,-1.751644041148026e-06,-1.1815567937945026e-06,-2.8726962274827626e-06,-2.9182671760956178e-06,-5.79096340357838e-06
14_20,3.1802291326486465,6.6115801738986235e-06,2.078963463991723e-06,1.0842991485193742e-05,1.493657436494024e-05,2.577956585013398e-05
14_21,2.964233931327809,-2.202087911062911e-05,-7.428860076763577e-06,-3.6114241741431736e-05,1.053920750438247e-05,-2.5575034237049266e-05
14_22,2.233487446529869,2.4092059723757053e-05,1.0786745079399696e-05,3.951097794696156e-05,-0.0001708022116701195,-0.00013129123372315795
14_23,-12.127723633508849,7.005222715239512e-07,-5.776205763696751e-08,3.9649595349966486e-07,-4.0215928334661354e-05,-3.981943238116169e-05
14_24,1.3997807888338782,4.186138589323818e-06,2.990567253613463e-06,6.865267286491061e-06,-5.3328063572908366e-05,-4.646279628641731e-05
14_25,1.7998971271616935,4.6562426750274e-05,2.5869493343599892e-05,7.636237987044936e-05,-0.00047503194098964146,-0.0003986695611191921
14_26,2.3154702342867557,2.237453330011796e-05,9.663062374459797e-06,3.6694234612193454e-05,-0.00025444695553944225,-0.0002177527209272488
14_27,2.9202275310546595,0.00028886141577660895,9.89174345850663e-05,0.00047373272187363865,-0.0036105592189800795,-0.0031368264971064408
14_28,3.220274522650482,3.103928642378406e-05,9.638708192566403e-06,5.090442973500586e-05,-0.0002621256564749004,-0.00021122122673989456
14_29,1.1444658110013537,6.434823870304918e-06,5.622556662199241e-06,1.0553111147300064e-05,0.0005297118285466136,0.0005402649396939137
14_30,-0.8904381636013358,5.242192069099261e-06,-5.887205067556245e-06,-3.2515670114086064e-06,-1.5203683121912351e-05,-1.8455250133320956e-05
14_31,-1.7052647402302803,5.015980177325297e-07,-2.941467127648423e-07,-4.272560848450556e-09,-1.499130881115538e-05,-1.499558137200383e-05
14_32,5.405974513363728,-2.95159980122639e-05,-5.4598847884501645e-06,-4.8406236740112794e-05,7.490339465338645e-05,2.6497157913273658e-05
14_33,5.814576672882271,-9.68241030996353e-06,-1.6651960847158254e-06,-1.5879152908340186e-05,-1.2247873029482072e-05,-2.812702593782226e-05
15_16,1.5857756689702112,1.7547427263453486e-06,1.1065516773156592e-06,2.8777780712063715e-06,-1.4747701523505976e-05,-1.1869923452299604e-05
15_17,0.8644970663255108,1.6902885721092886e-06,1.955227655420222e-06,3.3445499847711832e-06,2.0915927461354582e-05,2.4260477446125765e-05
15_18,1.3405722262606694,8.071848071500298e-06,6.0211959589939745e-06,1.3237830837260489e-05,9.775742751394421e-05,0.0001109952583512047
15_19,1.2264448903678555,4.1785868387655967e-07,3.4070726467883006e-07,6.852882415575578e-07,4.832826310756973e-06,5.5181145523145304e-06
15_20,1.5058390124311118,5.51247412206024e-06,3.660732705523806e-06,9.040457560178794e-06,5.6992143807171316e-05,6.603260136735012e-05
15_21,1.0575598683978575,2.44097978097102e-06,2.308124441852133e-06,4.0032068407924725e-06,2.1588619453386454e-05,2.5591826294178926e-05
15_22,2.7434265532064934,1.1420467047940086e-05,4.16284774767961e-06,1.872956595862174e-05,-1.0702297599999999e-05,8.027268358621742e-06
15_23,-27.755189069251855,-3.3181875869203736e-06,1.1955197201651835e-07,-2.053714559268616e-06,9.024073799840637e-05,8.818702343913776e-05
15_24,8.192656163922603,2.5430973362938758e-05,3.1041182315116878e-06,4.170679631521956e-05,-0.0002838894085976096,-0.00024218261228239
15_25,1.3239852812117932,-4.053609428011917e-06,-3.0616725771315245e-06,-6.647919461939544e-06,2.5517151088446214e-05,1.886923162650667e-05
15_26,1.3133474859610226,2.3822047547916725e-06,1.813841942255312e-06,3.9068157978583426e-06,2.1595662458964142e-05,2.5502478256822485e-05
15_27,2.149123715183234,4.406629262931894e-06,2.050430708944173e-06,7.226871991208306e-06,-0.00011903782229003983,-0.00011181095029883153
15_28,-18.41915300667751,-2.3645649724346463e-06,1.283753368885865e-07,-1.414264997753878e-06,-2.1835480733067726e-06,-3.5978130710606507e-06
15_29,2.7768768005773254,1.3234669599904159e-05,4.766026925340228e-06,2.1704858143842818e-05,0.00013401499984063746,0.00015571985798448027
15_31,0.9566286947180629,4.254495181765794e-06,4.447384032338353e-06,7.877984616831147e-06,5.262500218486056e-05,6.050298680169171e-05
15_32,1.1912209175322306,-1.5133763798469424e-05,-1.270441408116052e-05,-2.4819372629489853e-05,-0.00036159920111713146,-0.0003864185737466213
15_33,1.4262238608659008,-9.035416613456526e-06,-6.335202250767891e-06,-1.4818083246068702e-05,-0.0001055157265816733,-0.000120333809827742
16_17,-0.04334967827352091,-6.852137623969412e-08,1.5806663156148204e-06,1.756735491482697e-06,-4.040787486055777e-05,-3.865113936907507e-05
16_18,-1.8275590567613,2.295678329078399e-05,-1.2561445391245929e-05,8.314292258970763e-07,-0.0007490050059729083,-0.0007481735767470112
16_19,2.7250645954325177,-5.1508790057663845e-06,-1.8901860214248778e-06,-8.44744156945687e-06,1.6390016135458167e-05,7.942574566001298e-06
16_20,-1.6430148062309426,6.656309819996764e-06,-4.051278049810314e-06,-2.252924955858933e-07,-0.0002684958271633466,-0.0002687211196589325
16_21,47.87939820092252,1.757066008312158e-05,3.6697746302882805e-07,2.8815882536319392e-05,-0.00014921750651474106,-0.00012040162397842167
16_22,8.477200682119689,6.785547620458132e-06,8.004467364763901e-07,1.1128298097551335e-05,-0.00012372233187729086,-0.00011259403377973952
16_23,-5.1912234720609725,-2.246461488275564e-06,4.3274220429267984e-07,-9.893384693682174e-07,3.2338052556175294e-05,3.134871408680708e-05
16_24,-25.784631632791353,9.138194164037827e-06,-3.5440468160174987e-07,5.6271868112389715e-06,-0.00011865558704701196,-0.000113028400235773
16_25,1.3838556638435504,-6.3646468561051606e-06,-4.59921292544907e-06,-1.0438020844012462e-05,-3.665204182310757e-05,-4.709006266712003e-05
16_26,1.3994658135625027,2.7490726959289447e-06,1.9643728837726027e-06,4.508479221323469e-06,-5.0996981180876494e-05,-4.6488501959553024e-05
16_27,3.638321886841601,-2.904251517110712e-06,-7.982393002703425e-07,-4.7629724880615676e-06,-3.9847382784063744e-05,-4.461035527212531e-05
16_28,2.1978576714619376,-3.99790566818492e-07,-1.8190011664975803e-07,-6.556565295823269e-07,-1.617234734820717e-05,-1.6828003877789497e-05
16_29,-2.404575479330992,-1.1869008847087414e-05,4.936010097877919e-06,-2.2064943274968672e-06,0.00038585260615458167,0.0003836461118270848
16_30,-4.462025445040261,-2.7813326831882534e-05,6.233341152905858e-06,-1.1250786794729797e-05,0.0007358553960318725,0.0007246046092371427
16_31,1.606675910320705,3.928942159558968e-06,2.4453856153072717e-06,6.443465141676707e-06,-2.9471813356175298e-05,-2.302834821449859e-05
16_32,2.7854408170063234,0.00017680778959694443,6.34756942303194e-05,0.0002899647749389888,-0.0022729005583490038,-0.0019829357834100147
16_33,-3.5421307066753402,-4.3000492049527494e-05,1.2139724818310826e-05,-1.4541038459813806e-05,0.0012229413292286853,0.0012084002907688713
17_18,-2.4039711748723405,-7.542404557359106e-06,3.13747711960799e-06,-1.4012630915039017e-06,-1.301218321752988e-05,-1.4413446309033781e-05
17_19,1.1753440443821184,2.7092659827920862e-05,2.3050833462268105e-05,4.443196211779021e-05,-7.081075472669323e-05,-2.637879260890302e-05
17_20,0.12347411668706142,9.774809419660357e-07,7.91648458958738e-06,9.669929853827196e-06,0.00010057247798884462,0.00011024240784267182
17_21,-6.716107158357236,6.5096388717211795e-06,-9.69257743843599e-07,3.191407827354276e-06,-1.6121611329083666e-05,-1.2930203501729389e-05
17_22,1.2554463227891308,6.177684563690722e-05,4.9207078403529225e-05,0.00010131402684452783,-0.0001925371960430279,-9.122316919850006e-05
17_23,0.3693345237990052,9.86265814295617e-07,2.6703861966403952e-06,3.6951757016051577e-06,4.166707132270916e-05,4.536224702431432e-05
17_24,0.6868483618039272,-7.41586853270082e-06,-1.079695162004013e-05,-1.7202998078428287e-05,-0.0001597620837561753,-0.00017696508183460358
17_25,0.12720628017491492,2.2984147918236886e-07,1.8068406596460918e-06,2.2114937282569077e-06,-9.587161657689242e-05,-9.366012284863551e-05
17_26,1.064589810440309,2.293770581673904e-05,2.1546050499254843e-05,3.761783753945203e-05,5.981209539442231e-05,9.742993293387434e-05
17_27,1.079153179477349,6.934884928366802e-06,6.426228509770482e-06,1.1373211282521554e-05,0.00013901116158884463,0.00015038437287136618
17_28,1.1233413493863924,1.3628669535692417e-06,1.2132260192448951e-06,2.2351018038535562e-06,1.5075318285258962e-05,1.731042008911252e-05
17_29,0.8752978803872513,3.3996269171443494e-05,3.8839656685107915e-05,6.671474627417573e-05,0.000714220554450996,0.0007809353007251717
17_30,0.8430990462403399,3.2975524703715564e-05,3.9112278504838116e-05,6.635184379996773e-05,0.0006808693802135458,0.0007472212240135135
17_31,0.3817108275285883,1.9769447601181156e-07,5.179168673097312e-07,7.209035829008891e-07,1.058817225498008e-05,1.130907583788097e-05
17_32,0.7778202048218268,-3.80150012337932e-05,-4.8873764140006104e-05,-8.080599193391047e-05,-0.0008236387209163346,-0.0009044447128502451
17_33,0.5279164261190928,-9.828519479726516e-06,-1.861756708723683e-05,-2.7710849336069486e-05,-0.00018730741977848603,-0.00021501826911455552
18_19,-20.217640945939138,-5.177637267816948e-06,2.560950252139538e-07,-3.1252922680152786e-06,0.00012648200715856573,0.00012335671489055046
18_20,1.0115701681038496,-5.037727640655465e-05,-4.980106965885023e-05,-8.261873330674962e-05,-0.0012194381089768924,-0.001302056842283642
18_21,0.4924435312709716,-9.161352461761751e-06,-1.8603863955968247e-05,-2.7254897534566556e-05,-0.0006805960586055777,-0.0007078509561401443
18_22,2.4565947564350212,4.4455528302345115e-05,1.8096402829931302e-05,7.290706641584598e-05,0.00010298789204940239,0.00017589495846524836
18_23,0.9199047266959179,6.280306392159041e-06,6.827126994679578e-06,1.1927926992759685e-05,0.00015386694454661354,0.00016579487153937323
18_24,0.775521526655234,-2.2175579716399163e-05,-2.859440899344312e-05,-4.72335088653486e-05,-0.00073866288894502,-0.0007858963978103686
18_25,0.20165719960765224,-1.4324246189190148e-06,-7.103265451002816e-06,-9.04312286262976e-06,8.97412516557769e-05,8.069812879314715e-05
18_26,1.1984288935957559,1.1389127024585832e-05,9.50338154015462e-06,1.8678168320320765e-05,0.00013742546478565738,0.00015610363310597814
18_27,1.2816011392869886,2.306474891294874e-05,1.799682304104433e-05,3.782618821723593e-05,0.0005507214428812748,0.0005885476310985107
18_28,1.2767954318739658,8.382428572595302e-06,6.5652087745116106e-06,1.3747182859056294e-05,0.00020234557373067727,0.00021609275658973355
18_29,1.2080300260807777,7.983252549881303e-05,6.608488512310773e-05,0.00013092534181805338,0.00138679818707251,0.0015177235288905632
18_30,1.1635295931374026,0.00011233933931942275,9.65504788034699e-05,0.0001842365164838533,0.0015215491645482072,0.0017057856810320604
18_31,0.16625341976858024,3.865563885652179e-07,2.325103381953242e-06,2.9057450718797395e-06,0.00010456969661035857,0.0001074754416822383
18_32,0.6034167554245325,-1.3837135517169585e-05,-2.2931308076512558e-05,-3.527420064855624e-05,0.00016155131035537848,0.00012627710970682224
18_33,0.44934146938493175,5.3923209557549256e-05,0.00012000497000946853,0.00017239498411877663,0.0030844299884892432,0.0032568249726080195
19_20,1.9370560907293246,-4.443978357193679e-06,-2.2941918814134432e-06,-7.288124505797632e-06,5.031345080478088e-05,4.3025326298983244e-05
19_21,1.0330918728898704,4.230061564292065e-05,4.09456474810832e-05,6.937300965438985e-05,4.537065764143426e-06,7.391007541853328e-05
19_22,1.376704763983958,-3.877139250763051e-07,-2.8162459753122704e-07,-6.358508371251403e-07,4.283660980876494e-05,4.22007589716398e-05
19_23,1.244009656361786,7.987652841379145e-07,6.420892957326174e-07,1.3099750659861797e-06,4.6001979282868525e-06,5.9101729942730324e-06
19_24,1.0882836238163978,-1.9636218370200353e-06,-1.8043291234448589e-06,-3.2203398127128577e-06,-3.249755668844621e-05,-3.571789650115907e-05
19_25,0.8318592371235934,-7.165797762942461e-07,-8.614195098344268e-07,-1.4549608935654489e-06,-2.0447488554581674e-05,-2.1902449448147124e-05
19_26,-0.15101453301151002,1.6378605243172473e-06,-1.0845714592200295e-05,-1.1283126689058953e-05,-0.0001419166749545817,-0.00015319980164364062
19_27,25.34728688758494,-4.22748411887941e-07,-1.66782509608554e-08,-6.933073954962232e-07,3.389524627410359e-05,3.320193887860736e-05
19_28,3.082750918968645,2.3388829084591833e-07,7.586999306585795e-08,3.83576796987306e-07,2.7651364239043827e-06,3.1487132208916886e-06
19_29,0.823204964663806,6.769089240798998e-06,8.22284793139394e-06,1.3841645540716427e-05,0.00031191043458326693,0.00032575208012398336
19_30,1.0753187506677593,8.864989300749748e-06,8.24405721117083e-06,1.4538582453229586e-05,0.00022164343521115538,0.00023618201766438497
19_31,1.7606927897419933,1.0746454087717794e-07,6.103537283919103e-08,1.7624184703857181e-07,1.7519533529880477e-06,1.9281952000266197e-06
19_32,1.0720157670373547,-2.366593374769632e-05,-2.2076106038160237e-05,-3.8812131346221965e-05,-0.0003619847019505976,-0.0004007968332968196
19_33,16.666803984688798,3.889515856725367e-06,2.333690286571155e-07,6.378806005029602e-06,-0.00017906115806693226,-0.00017268235206190267
20_21,1.2726617421529456,-2.1913626236491623e-05,-1.7218735749391367e-05,-3.593834702784626e-05,-0.0007071990693099602,-0.0007431374163378064
20_22,2.7513053202277176,3.736252378461202e-05,1.357992641162764e-05,6.127453900676371e-05,7.97897516749004e-05,0.0001410642906816641
20_23,0.9881154416884634,4.858004021779383e-06,4.91643366434813e-06,8.811017031731261e-06,0.00011325469927649403,0.00012206571630822529
20_24,0.7723158953273089,-1.2880073141152693e-05,-1.6677208405369015e-05,-2.7512865855281452e-05,-0.0005091496718980079,-0.0005366625377532893
20_25,0.39165411971947667,-1.981177115473187e-06,-5.058486597542267e-06,-7.074251617410487e-06,8.856628727011952e-05,8.149203565270904e-05
20_26,1.6173158101943295,7.195081139887982e-06,4.4487793259273545e-06,1.179993306941629e-05,1.8076140632669323e-05,2.9876073702085613e-05
20_27,1.121321991097381,8.682242660429385e-06,7.742863093171404e-06,1.423887796310419e-05,0.00018511245055298804,0.00019935132851609221
20_28,1.149514728664012,4.978558550805534e-06,4.331008926342084e-06,8.164836023321076e-06,0.00015373043642549802,0.0001618952724488191
20_29,1.231073406832561,2.8556213847785727e-05,2.319619097390646e-05,4.683219071036859e-05,0.00039786853839043825,0.0004447007291008068
20_30,1.0951265788046995,4.7515202140524515e-05,4.338786315677412e-05,7.79249315104602e-05,0.0006344320715394422,0.0007123570030499024
20_31,0.421010957530814,8.476440345739356e-07,2.0133538555511254e-06,2.85466845814708e-06,6.927428165737051e-05,7.212895011551759e-05
20_32,0.08206083626969421,-6.623269654948416e-07,-8.071170068485456e-06,-9.638269675300015e-06,0.00011302890198406375,0.00010339063230876374
20_33,-0.42463972829111707,-9.601724058394545e-06,2.2611459594312766e-05,1.943992605897615e-05,0.0011196466286071715,0.0011390865546661477
21_22,5.756799221845382,-5.050026848252287e-06,-8.77228239798411e-07,-8.28204403113375e-06,0.00031518637390916336,0.0003069043298780296
21_23,1.6834222286660463,3.936895427880671e-06,2.338626258369114e-06,6.456508501724301e-06,-4.7007206661354575e-06,1.7557878355888431e-06
21_24,1.714501756830254,-2.241430716987125e-05,-1.3073364947324695e-05,-3.675946375858885e-05,-7.884020895458168e-05,-0.00011559967271317052
21_25,-18.398241570241144,-1.446677321459422e-05,7.863128201335279e-07,-8.651673706679964e-06,-9.323554644780877e-05,-0.00010188722015448872
21_26,0.719492518878638,2.2433922692410846e-05,3.118020285655665e-05,5.0351820233465736e-05,0.00032478096527171314,0.0003751327855051789
21_27,-0.3212264509871438,-1.7038594904206228e-05,5.304231594828457e-05,4.922276754426829e-05,0.0010267072940494024,0.0010759300615936708
21_28,1.3198360071366293,4.552512589073299e-06,3.4493017044973096e-06,7.466120646080209e-06,-2.3920658422310756e-06,5.0740548038491335e-06
21_29,0.7880641927517251,6.351109413782474e-05,8.059127000309418e-05,0.0001337913699344917,0.0017818950919649401,0.001915686461899432
21_30,1.2456738187446637,4.2126064230041393e-05,3.3817893252741094e-05,6.908674533726788e-05,0.0009034568576669323,0.0009725436030042003
21_31,2.6485774320938607,3.147556912441729e-06,1.1883952775182394e-06,5.161993336404436e-06,-1.58230647314741e-05,-1.0661071395069666e-05
21_32,2.3483351296102493,2.4021146114105996e-05,1.0229011102896868e-05,3.939467962713383e-05,0.0004782586290693227,0.0005176533086964565
21_33,1.0437883108316988,3.4765408093773154e-05,3.330695288786267e-05,5.701526927378797e-05,0.001150307110140239,0.0012073223794140271
22_23,1.902967656776401,2.6955793404503936e-05,1.4165134813781677e-05,4.420750118338645e-05,1.933594373705179e-05,6.354344492043824e-05
22_24,1.8349655014364852,-4.391576965456778e-05,-2.393274948231383e-05,-7.202186223349116e-05,-0.00027589821511713147,-0.00034792007735062264
22_25,1.38690567300797,0.00020875027896460896,0.00015051512372277198,0.0003423504575019587,-0.0017040031860717133,-0.0013616527285697545
22_26,1.0545862199669898,3.257788639110526e-05,3.089162912836563e-05,5.342773368141262e-05,0.0005782745690693227,0.0006317023027507353
22_27,2.9889872387739223,8.499619055268859e-05,2.8436451467606094e-05,0.0001393937525064093,0.0006676043607011953,0.0008069981132076046
22_28,5.719287599938959,7.4150386353832864e-06,1.2964968985756942e-06,1.216066336202859e-05,-2.7510132588047806e-05,-1.5349469226019217e-05
22_29,2.950792532231765,0.0001806383214157936,6.121688307214601e-05,0.0002962468471219015,0.0007561782080334661,0.0010524250551553677
22_30,2.197029528279035,0.00015292130216493227,6.960366267116935e-05,0.0002507909355504889,0.0005196752154023904,0.0007704661509528794
22_31,2.683415832901145,5.554178020894529e-06,2.0698163709087503e-06,9.108851954267026e-06,-2.9451991074103586e-05,-2.034313911983656e-05
22_32,1.7135419280926243,-0.00017966066409624837,-0.00010484754481393521,-0.00029464348911784733,-0.0010469644836541832,-0.0013416079727720305
22_33,2.423946859922752,-6.630581316635631e-05,-2.7354482997399288e-05,-0.00010874153359282434,-0.0002212260624733068,-0.00032996759606613115
23_24,-4.84313249941877,-8.74981632914551e-06,1.8066440119479665e-06,-3.715304603615355e-06,0.000172198098838247,0.00016848279423463164
23_25,1.4682429435924746,-3.082391745723445e-05,-2.0993744660413594e-05,-5.05512246298645e-05,0.000555618503225498,0.0005050672785956334
23_26,0.9255612044079166,2.0747189173331293e-06,2.2415793871355394e-06,3.92471498677438e-06,2.82557994438247e-05,3.218051443059908e-05
23_27,0.5733889004121945,3.390316115181591e-06,5.912768999791207e-06,8.978165295781826e-06,6.325382696573704e-05,7.223199226151887e-05
23_28,1.0728655256232045,2.355598986258922e-06,2.195614389688405e-06,3.863182337464632e-06,2.3959117212749003e-05,2.7822299550213636e-05
23_29,1.261379864841817,1.6961906420309703e-05,1.3447104154018508e-05,2.781752652930791e-05,0.0003250211998741036,0.0003528387264034115
23_30,1.8834152378392957,2.87189503462848e-05,1.5248337047135685e-05,4.709907856790707e-05,0.00029624705202071713,0.0003433461305886242
23_31,-82.90891049049132,-1.7240523661476992e-06,2.079453650938312e-08,-1.1141687900367847e-06,4.621943752031872e-05,4.510526873028193e-05
23_32,2.8234145809309124,-2.0856251961576255e-05,-7.386889655680573e-06,-3.420425321698506e-05,-0.0003234577992159363,-0.00035766205243292136
23_33,0.9817266156690362,-7.6115741454163555e-06,-7.753252304593117e-06,-1.3862346563210947e-05,-0.00017632710977848607,-0.00019018945634169702
24_25,1.1728732211673873,-7.521940264876292e-06,-6.413259446225172e-06,-1.2335982034397118e-05,-0.00022171827365896415,-0.00023405425569336127
24_26,0.43620314118365394,-2.600535436214635e-06,-5.961753116123791e-06,-8.512751940282781e-06,-0.00022048867191872508,-0.00022900142385900784
24_27,0.4498851429728175,-7.793595975413847e-06,-1.7323523786347272e-05,-2.4892590460209028e-05,-0.0004954711396015937,-0.0005203637300618027
24_28,2.0561239036716024,2.7100932490142782e-05,1.3180593076977942e-05,4.444552928383416e-05,-0.00046025331572430275,-0.0004158077864404686
24_29,2.7520282752673415,-2.2260489294101404e-05,-8.088757479041142e-06,-3.65072024423263e-05,-0.001719071673949004,-0.0017555788763913302
24_30,0.4156293584458798,2.061182493107161e-05,4.959184069225353e-05,7.013850284367628e-05,-0.002177210336407968,-0.0021070718335642917
24_31,1.0047314108763006,2.536053619262013e-05,2.5241110129622935e-05,4.159127935589701e-05,-9.486545127171315e-05,-5.3274171915816135e-05
24_32,-0.6153077537103351,-5.37234319564206e-06,8.731148215257445e-06,6.407762456269727e-06,0.0020240964884908367,0.0020305042509471062
24_33,0.6856857970750778,1.7624515930902973e-05,2.5703486941225373e-05,4.093415562739289e-05,0.0008286322319011953,0.0008695663875285882
25_26,0.8126036064292261,1.1641901863090887e-05,1.4326667727021514e-05,2.401605643844451e-05,-8.884042288924303e-05,-6.482436645079853e-05
25_27,630.7610098579327,-4.285870580389428e-05,-6.79476142850799e-08,-7.028827751838662e-05,4.330083700398406e-06,-6.595819381798821e-05
25_28,1.1842827146864223,1.1507238519725682e-05,9.716631322084779e-06,1.887187117235012e-05,-0.00015461525170517928,-0.00013574338053282917
25_29,0.9028562959824988,-2.0028120025550322e-05,-2.218306513968038e-05,-3.8507253476098844e-05,0.0004548048017721116,0.00041629754829601275
25_30,-0.13604473477433798,2.803444381305198e-06,-2.0606783393384287e-05,-2.1641459776796654e-05,-0.00018964226139601596,-0.00021128372117281262
25_31,-0.35310210453499224,4.336846664010352e-07,-1.228213201878714e-06,-1.1139311703170506e-06,-3.5325616997609564e-05,-3.643954816792661e-05
25_32,2.9555023390772366,-5.7168259318229886e-05,-1.9342992411935933e-05,-9.3755945281897e-05,-3.858191116812749e-05,-0.00013233785645002448
25_33,-0.20265091134097,-1.1224015663557907e-06,5.538596194454293e-06,5.573214627883072e-06,-9.539171467888445e-05,-8.981850005100138e-05
26_27,-1.528165979632841,-8.925057747022347e-06,5.840371966117641e-06,7.674859283393617e-07,0.0005588954270932271,0.0005596629130215665
26_28,1.2917168275302169,1.5949563492156926e-06,1.2347569647019885e-06,2.6157284127137357e-06,2.9510716215139442e-05,3.2126444627853175e-05
26_29,0.42584692838325655,4.9076596111419235e-06,1.152446873287083e-05,1.6376949698826417e-05,0.0012904421149179284,0.001306819064616755
26_30,0.5629513422888849,1.1078848496048899e-05,1.9679939745775865e-05,2.9747171317576758e-05,0.001100430586277291,0.0011301777575948677
26_31,-0.539296882758472,-1.2254342351969427e-07,2.272281324766645e-07,1.7816141150039926e-07,1.3365164349003985e-05,1.3543325760504384e-05
26_32,0.6665796110958261,-2.0181397430096837e-05,-3.0276049693328533e-05,-4.783441895425844e-05,-0.0012610956991282868,-0.0013089301180825453
26_33,1.1477128370232663,-1.628162271993805e-05,-1.4186146738731642e-05,-2.67018612606984e-05,-0.00027439503983426293,-0.00030109690109496133
27_28,2.733329515497718,2.657113743964601e-05,9.721161421991087e-06,4.357666540101945e-05,-0.0002059160166613546,-0.00016233935126033517
27_29,2.1062939282944284,-0.0002733787650204267,-0.0001297913654633165,-0.0004483411746334997,-0.005971913489282868,-0.006420254663916368
27_30,0.7008666457735363,5.624768324596907e-05,8.025447292314691e-05,0.00012861357007472706,0.0009957145136079682,0.0011243280836826953
27_31,0.8939356963065377,9.130594528228286e-07,1.0213927652685806e-06,1.7670069912692487e-06,1.3413710498804781e-05,1.5180717490074029e-05
27_32,0.8975190008294283,-6.522142967702038e-05,-7.26685781768932e-05,-0.0001258883227084917,-0.0018925599145912352,-0.002018448237299727
27_33,1.0391586813079938,-1.6087107837403636e-05,-1.5480896350839046e-05,-2.638285685334196e-05,-0.0005887841895824701,-0.0006151670464358121
28_29,0.38314694914562336,6.86460522780763e-06,1.791637710574223e-05,2.495530935089918e-05,0.0010666237003394423,0.0010915790096903415
28_30,0.7939001094955133,3.812934195424056e-05,4.8027883480794564e-05,7.991715285790457e-05,0.0009159088966948206,0.0009958260495527252
28_31,0.9814750832815893,4.101233027076212e-07,4.1786420225398135e-07,7.470465703565686e-07,9.02631435059761e-06,9.773360920954178e-06
28_32,1.1401079408796306,-2.4089847617814186e-05,-2.1129444637696393e-05,-3.950735009321526e-05,-0.000725395754825498,-0.0007649031049187133
28_33,1.2293122698165968,-1.0297038999129704e-05,-8.376259842152178e-06,-1.6887143958572713e-05,-0.0002543064910565737,-0.0002711936350151464
29_30,1.893401119783606,-0.000175006687388235,-9.24298002993873e-05,-0.0002870109673167054,-0.0029519515099219124,-0.0032389624772386177
29_31,0.5740077064599303,6.592523938087069e-06,1.1485079144224475e-05,1.7444056023553365e-05,0.00044605478676015934,0.0004634988427837127
29_32,1.9967558863364232,3.6359047372536146e-05,1.820905981614329e-05,5.9628837690959275e-05,0.0009273261879792829,0.000986955025670242
29_33,0.8733701887632734,-2.5732538560752083e-05,-2.946349542476412e-05,-5.057186023432747e-05,-0.0009195663095505976,-0.0009701381697849252
30_31,0.8409005791997923,5.7675464256445874e-05,6.858773282250596e-05,0.00011625582182691108,0.0013809727421306773,0.0014972285639575885
30_32,1.3341067609421786,0.0008018294706808593,0.0006010234669034942,0.0013150003319166092,0.01072993637694024,0.012044936708856849
30_33,0.9241397035481231,-5.666084716993147e-05,-6.131199314604596e-05,-0.00010729183131864717,-0.0010382476511474103,-0.0011455394824660574
31_32,1.224741795866071,6.207264656454825e-05,5.068223096008073e-05,0.00010179914036585912,-0.0007222913876733068,-0.0006204922473074477
31_33,0.16550565709600978,-4.3931659010620905e-07,-2.6543901750220034e-06,-3.315953748995181e-06,-0.00012259170557290836,-0.00012590765932190355
32_33,2.380540691578902,-6.476592643844814e-05,-2.7206393349021862e-05,-0.00010621611935905495,-0.0011301464430278885,-0.0012363625623869434
