Name,IE_HF,CPUtime
01_03_wb97mv.out,-4.686764872828685e-05,31654.0
01_04_wb97mv.out,1.832104192191235e-05,28384.0
01_05_wb97mv.out,-4.612172289083665e-05,61045.0
01_06_wb97mv.out,3.174513400478088e-05,27520.0
01_07_wb97mv.out,-4.7570533671713144e-05,25981.0
01_08_wb97mv.out,0.0003094848385768924,30267.0
01_09_wb97mv.out,0.00024743979743107567,30038.0
01_10_wb97mv.out,7.562289222310757e-05,27167.0
01_11_wb97mv.out,-0.00020172226258964143,38247.0
01_12_wb97mv.out,-0.000257063634038247,81392.0
01_13_wb97mv.out,-0.0002518477466501992,25698.0
01_14_wb97mv.out,-4.609178846693227e-05,30666.0
01_15_wb97mv.out,-4.3167104481274905e-05,19103.0
01_17_wb97mv.out,-0.0001682747543569721,40218.0
01_18_wb97mv.out,-0.000685774910583267,61788.0
01_19_wb97mv.out,-3.385623904860558e-05,37130.0
01_20_wb97mv.out,-0.00027596774612749004,38828.0
01_21_wb97mv.out,-0.0001593589586948207,71511.0
01_22_wb97mv.out,-0.00038201279615776893,45754.0
01_23_wb97mv.out,-1.1281715410358567e-06,30010.0
01_24_wb97mv.out,8.623510574183267e-05,50044.0
01_25_wb97mv.out,-0.00017735398027091633,80857.0
01_26_wb97mv.out,-0.0001295819318183267,79788.0
01_27_wb97mv.out,-0.000204218173149004,25400.0
01_28_wb97mv.out,-5.2034129345019914e-05,27638.0
01_29_wb97mv.out,-0.00012382178980876494,39500.0
01_30_wb97mv.out,-9.283013420079681e-05,46147.0
01_31_wb97mv.out,-5.0621090439840636e-05,26024.0
01_32_wb97mv.out,-0.0011503192545784862,22836.0
01_33_wb97mv.out,0.0007639652418820718,41617.0
02_03_wb97mv.out,-0.000689978646736255,33221.0
02_04_wb97mv.out,-0.00016492469077609563,29697.0
02_05_wb97mv.out,5.187878007490041e-05,21045.0
02_06_wb97mv.out,-0.00010105579577211156,27124.0
02_07_wb97mv.out,2.5309993944223104e-05,37106.0
02_08_wb97mv.out,-0.0002977090916015936,50549.0
02_09_wb97mv.out,-1.728655929880478e-05,50493.0
02_10_wb97mv.out,-1.2103259370517928e-05,54628.0
02_11_wb97mv.out,1.7687604996015937e-05,36457.0
02_12_wb97mv.out,-5.755265293545817e-05,35437.0
02_13_wb97mv.out,9.795735520318725e-06,30999.0
02_14_wb97mv.out,3.337260725737052e-05,41351.0
02_15_wb97mv.out,7.5813651155378495e-06,28387.0
02_16_wb97mv.out,-3.9968476556175294e-05,34167.0
02_18_wb97mv.out,-8.665852285258965e-06,46270.0
02_19_wb97mv.out,-1.0254947920318725e-05,39787.0
02_20_wb97mv.out,0.0002656553841227092,39942.0
02_21_wb97mv.out,0.00013514309157290836,49945.0
02_22_wb97mv.out,-5.751306953784861e-05,50880.0
02_23_wb97mv.out,-5.015500624701195e-06,34112.0
02_24_wb97mv.out,6.290213369721115e-05,37317.0
02_25_wb97mv.out,0.0001057683593752988,44384.0
02_26_wb97mv.out,-1.6312491910756973e-05,44047.0
02_27_wb97mv.out,4.857075056414343e-05,32299.0
02_28_wb97mv.out,2.4968025593625496e-06,80783.0
02_29_wb97mv.out,2.1830770388844622e-05,54091.0
02_30_wb97mv.out,1.2360818742629482e-05,54127.0
02_31_wb97mv.out,2.5535888557768926e-06,41250.0
02_32_wb97mv.out,8.944454954103587e-05,35117.0
02_33_wb97mv.out,-0.0006971336977370518,47460.0
03_05_wb97mv.out,4.214668604302789e-05,21979.0
03_06_wb97mv.out,-3.047985429482072e-05,32316.0
03_07_wb97mv.out,2.6729260935458165e-05,19543.0
03_08_wb97mv.out,0.00010552082869641435,35855.0
03_09_wb97mv.out,7.845515013545818e-06,32685.0
03_10_wb97mv.out,1.2093664055776893e-05,32042.0
03_11_wb97mv.out,7.184380078087649e-05,41008.0
03_12_wb97mv.out,0.00022682089450517926,32183.0
03_13_wb97mv.out,0.00019277752455139441,35708.0
03_14_wb97mv.out,-3.891323418326693e-06,36549.0
03_15_wb97mv.out,1.8591742554581675e-05,30016.0
03_16_wb97mv.out,-8.651287439203187e-05,33789.0
03_17_wb97mv.out,-6.193511500079682e-05,55239.0
03_19_wb97mv.out,0.00017004828215776892,41752.0
03_20_wb97mv.out,-0.00017495201783904383,45464.0
03_21_wb97mv.out,-6.436647774501992e-05,49143.0
03_22_wb97mv.out,5.0185344721912346e-05,33730.0
03_23_wb97mv.out,2.5048072114741036e-05,20355.0
03_24_wb97mv.out,-0.00012680806547729084,68301.0
03_25_wb97mv.out,-9.249759426294822e-06,41705.0
03_26_wb97mv.out,8.630055669641435e-05,41587.0
03_27_wb97mv.out,0.00011337347903107568,38546.0
03_28_wb97mv.out,2.67373348685259e-05,35796.0
03_29_wb97mv.out,0.0004417958084286853,59816.0
03_30_wb97mv.out,0.0004374510998310757,67054.0
03_31_wb97mv.out,1.776113716175299e-05,31085.0
03_32_wb97mv.out,-0.0002238728054565737,85468.0
03_33_wb97mv.out,0.0006264668299729084,31384.0
04_05_wb97mv.out,-0.0005956048368430279,19293.0
04_06_wb97mv.out,-0.00013387766111235062,28682.0
04_07_wb97mv.out,6.874896891474104e-05,28096.0
04_08_wb97mv.out,1.2636967107569722e-06,37464.0
04_09_wb97mv.out,2.0784915955378486e-05,31277.0
04_10_wb97mv.out,-1.9535286151394425e-06,18969.0
04_11_wb97mv.out,3.897829199681275e-05,35299.0
04_12_wb97mv.out,3.5000957958565734e-05,38136.0
04_13_wb97mv.out,8.702975326374501e-05,42821.0
04_14_wb97mv.out,2.1495723171314742e-05,28262.0
04_15_wb97mv.out,1.2687337273306772e-05,38557.0
04_16_wb97mv.out,5.8794051681274896e-06,31293.0
04_17_wb97mv.out,-0.00018538858709003984,55432.0
04_18_wb97mv.out,-0.00012263081921115538,58805.0
04_20_wb97mv.out,-0.00015882790604462152,54879.0
04_21_wb97mv.out,0.00010659562618964143,68438.0
04_22_wb97mv.out,-3.890910341673307e-05,42154.0
04_23_wb97mv.out,1.810567737370518e-05,65699.0
04_24_wb97mv.out,-6.328909497529881e-05,47636.0
04_25_wb97mv.out,3.663604220557769e-05,51330.0
04_26_wb97mv.out,-7.863724828207171e-05,54289.0
04_27_wb97mv.out,8.598037016414342e-05,58122.0
04_28_wb97mv.out,1.4313539032669322e-05,26886.0
04_29_wb97mv.out,0.0003740833794454183,61321.0
04_30_wb97mv.out,0.000393423207238247,44495.0
04_31_wb97mv.out,9.657497741832669e-06,35945.0
04_32_wb97mv.out,-0.00043881666512509955,24417.0
04_33_wb97mv.out,-0.0001204717271378486,47186.0
05_07_wb97mv.out,7.23803932430279e-06,36901.0
05_08_wb97mv.out,8.040821945498007e-05,19114.0
05_09_wb97mv.out,3.3938355835856575e-05,21607.0
05_10_wb97mv.out,1.7847824683665338e-05,27102.0
05_11_wb97mv.out,3.7974100325099607e-05,29381.0
05_12_wb97mv.out,0.00011424624309641434,27938.0
05_13_wb97mv.out,0.00010720832677768924,29066.0
05_14_wb97mv.out,2.1757785976095615e-06,25364.0
05_15_wb97mv.out,1.0039236621513944e-05,27534.0
05_16_wb97mv.out,-1.0644789609561753e-05,31609.0
05_17_wb97mv.out,2.04771148812749e-05,39203.0
05_18_wb97mv.out,-8.172779772749003e-05,41886.0
05_19_wb97mv.out,-8.414289754581674e-06,40539.0
05_21_wb97mv.out,-0.00010113860742470119,51038.0
05_22_wb97mv.out,-7.86077679681275e-07,20253.0
05_23_wb97mv.out,2.0867221694023902e-05,26850.0
05_24_wb97mv.out,-9.414571586613545e-05,37376.0
05_25_wb97mv.out,-1.3490029163346614e-06,48766.0
05_26_wb97mv.out,9.84243650996016e-07,38231.0
05_27_wb97mv.out,6.340235537689242e-05,35806.0
05_28_wb97mv.out,2.0182187673306773e-05,25018.0
05_29_wb97mv.out,0.00027274355601274896,58780.0
05_30_wb97mv.out,0.00035045130486693226,43011.0
05_31_wb97mv.out,1.3142472345816732e-05,23606.0
05_32_wb97mv.out,-0.0003516417995633466,31154.0
05_33_wb97mv.out,0.0003101540089513944,36873.0
06_07_wb97mv.out,0.0001434031741737052,21662.0
06_08_wb97mv.out,-7.981847281434262e-05,96256.0
06_09_wb97mv.out,-5.607221627250995e-05,39644.0
06_10_wb97mv.out,-1.72988185625498e-05,31887.0
06_11_wb97mv.out,-3.728421112191235e-05,38074.0
06_12_wb97mv.out,-6.502114873625497e-05,42882.0
06_13_wb97mv.out,-9.962302712828686e-05,42692.0
06_14_wb97mv.out,-5.699360243824701e-06,40737.0
06_15_wb97mv.out,-6.991926798406374e-06,29450.0
06_16_wb97mv.out,-2.8969708766533863e-05,39620.0
06_17_wb97mv.out,-3.981014205258964e-05,49053.0
06_18_wb97mv.out,-8.201548547729083e-05,55185.0
06_19_wb97mv.out,-2.070954339920319e-05,48740.0
06_21_wb97mv.out,0.00024675353716494024,68826.0
06_22_wb97mv.out,3.532037618326693e-05,32244.0
06_23_wb97mv.out,-2.729679055936255e-05,28678.0
06_24_wb97mv.out,0.00010463762392988048,38410.0
06_25_wb97mv.out,-1.863700196812749e-05,48100.0
06_26_wb97mv.out,4.8183184009561754e-05,47846.0
06_27_wb97mv.out,-8.16322181689243e-05,36449.0
06_28_wb97mv.out,-2.3083882468525895e-05,40398.0
06_29_wb97mv.out,-8.74870095378486e-05,46278.0
06_30_wb97mv.out,-0.0003935176778788845,45324.0
06_31_wb97mv.out,-1.596468565418327e-05,28546.0
06_32_wb97mv.out,0.0004146993375553785,36830.0
06_33_wb97mv.out,0.00024804251457211156,33998.0
07_08_wb97mv.out,2.4186082313944223e-05,30395.0
07_09_wb97mv.out,-1.0946630674103585e-05,25765.0
07_10_wb97mv.out,-1.148633888446215e-06,22185.0
07_11_wb97mv.out,1.300499582629482e-05,42663.0
07_12_wb97mv.out,0.00018068180045737053,43555.0
07_13_wb97mv.out,0.0007643105976956175,74561.0
07_14_wb97mv.out,-5.859913197450199e-05,22271.0
07_15_wb97mv.out,6.330464734661355e-06,26918.0
07_16_wb97mv.out,-4.047654047808765e-06,29620.0
07_17_wb97mv.out,1.2880960924302788e-06,40600.0
07_18_wb97mv.out,-2.847064920956175e-05,43960.0
07_19_wb97mv.out,2.683830553944223e-05,39818.0
07_20_wb97mv.out,-0.0001496544830247012,50599.0
07_22_wb97mv.out,-7.313182911553785e-05,41830.0
07_23_wb97mv.out,3.229511875697211e-06,74648.0
07_24_wb97mv.out,-4.302474208286853e-05,50374.0
07_25_wb97mv.out,-6.83274895187251e-05,38978.0
07_26_wb97mv.out,-0.00027023476203984063,36684.0
07_27_wb97mv.out,0.0010995403228159363,36357.0
07_28_wb97mv.out,-1.8258337453386456e-05,26734.0
07_29_wb97mv.out,0.0006753013379824701,59908.0
07_30_wb97mv.out,0.0004334436042199203,61463.0
07_31_wb97mv.out,-3.97618851314741e-06,29625.0
07_32_wb97mv.out,-0.00029512331342310756,37803.0
07_33_wb97mv.out,7.836105808286853e-05,102444.0
08_10_wb97mv.out,-0.0010146822285306773,48345.0
08_11_wb97mv.out,0.0004700591388286853,51195.0
08_12_wb97mv.out,0.0007692987500844622,47582.0
08_13_wb97mv.out,0.0007464826103011952,48240.0
08_14_wb97mv.out,4.2178682094023904e-05,41221.0
08_15_wb97mv.out,0.00013464424893545816,32759.0
08_16_wb97mv.out,0.00014083455046055775,48657.0
08_17_wb97mv.out,0.0002586670889928287,56893.0
08_18_wb97mv.out,0.0005671556104207172,48334.0
08_19_wb97mv.out,4.2005384358565735e-05,54129.0
08_20_wb97mv.out,0.0004734021334820717,32250.0
08_21_wb97mv.out,0.00015060612989163346,80148.0
08_22_wb97mv.out,-0.00011251784010039842,49010.0
08_23_wb97mv.out,0.0004500853008940239,40783.0
08_24_wb97mv.out,-0.0007267941183569721,45649.0
08_25_wb97mv.out,0.0002916207325545817,43302.0
08_26_wb97mv.out,0.00025788906114581673,54105.0
08_27_wb97mv.out,0.0005270600527984064,28820.0
08_28_wb97mv.out,0.00010636943007808764,45854.0
08_29_wb97mv.out,0.0018149058660717132,47880.0
08_30_wb97mv.out,0.002184981428165737,67431.0
08_31_wb97mv.out,5.948318826932271e-05,45523.0
08_32_wb97mv.out,-0.0021462635784573704,34687.0
08_33_wb97mv.out,-0.0008100108580159363,38592.0
09_11_wb97mv.out,5.338817366693227e-05,46332.0
09_12_wb97mv.out,0.0002592627174247012,34733.0
09_13_wb97mv.out,0.00019445853692749005,46182.0
09_14_wb97mv.out,-0.0001382514096302789,47300.0
09_15_wb97mv.out,9.816118923027889e-05,45984.0
09_16_wb97mv.out,0.00032344214339282866,46785.0
09_17_wb97mv.out,2.757791643346614e-05,43938.0
09_18_wb97mv.out,8.803295380079681e-06,50681.0
09_19_wb97mv.out,1.6362063303585657e-05,55593.0
09_20_wb97mv.out,7.824586224701196e-05,49167.0
09_21_wb97mv.out,-0.0001773901261816733,77024.0
09_22_wb97mv.out,-0.0002340375790262948,49145.0
09_23_wb97mv.out,-0.001795877362560956,46687.0
09_24_wb97mv.out,-0.001285646866084462,54347.0
09_25_wb97mv.out,-0.0004915789730693227,55160.0
09_26_wb97mv.out,5.1313090151394425e-06,55839.0
09_27_wb97mv.out,7.056582910756972e-05,28773.0
09_28_wb97mv.out,-4.123483176095618e-06,52834.0
09_29_wb97mv.out,0.0007833074837370517,64237.0
09_30_wb97mv.out,0.000748166853250996,66088.0
09_31_wb97mv.out,-3.1355880992828684e-05,46395.0
09_32_wb97mv.out,0.0016201607916956175,46974.0
09_33_wb97mv.out,8.997069335458167e-06,94298.0
10_11_wb97mv.out,5.886290874741035e-05,42126.0
10_12_wb97mv.out,0.00012523224479999998,41285.0
10_13_wb97mv.out,0.00015191313807649403,86407.0
10_14_wb97mv.out,-7.089539789641435e-06,40267.0
10_15_wb97mv.out,7.570932712828685e-05,32386.0
10_16_wb97mv.out,1.5482621179282869e-06,48225.0
10_17_wb97mv.out,-1.8973139913944223e-05,50317.0
10_18_wb97mv.out,0.00010437147515856573,60691.0
10_19_wb97mv.out,1.0278608326693227e-05,48474.0
10_20_wb97mv.out,0.00011335202236334662,83911.0
10_21_wb97mv.out,-1.6035065690836652e-05,66281.0
10_22_wb97mv.out,-2.2980047300398407e-05,43427.0
10_23_wb97mv.out,0.0002190225875250996,31091.0
10_24_wb97mv.out,-0.0011021614583601594,52551.0
10_25_wb97mv.out,3.935054152031873e-05,50371.0
10_26_wb97mv.out,2.8043084975298803e-05,51575.0
10_27_wb97mv.out,0.00010376931486374502,36263.0
10_28_wb97mv.out,3.49043913561753e-05,39378.0
10_29_wb97mv.out,0.000640870376234263,62086.0
10_30_wb97mv.out,0.0011661685770454184,61736.0
10_31_wb97mv.out,-9.89522733067729e-06,48998.0
10_32_wb97mv.out,-0.0004837292381641434,44740.0
10_33_wb97mv.out,-0.00015378149554741037,35860.0
11_13_wb97mv.out,0.0005895816927346613,37829.0
11_14_wb97mv.out,5.8846051008764946e-05,67673.0
11_15_wb97mv.out,2.2081068474900396e-05,93165.0
11_16_wb97mv.out,-4.2885845592031874e-05,43505.0
11_17_wb97mv.out,8.597239354900398e-05,52580.0
11_18_wb97mv.out,0.0004713183678071713,56290.0
11_19_wb97mv.out,6.176208465338645e-06,53605.0
11_20_wb97mv.out,0.0003173688401211156,40874.0
11_21_wb97mv.out,0.000158126618425498,75757.0
11_22_wb97mv.out,0.0010327892190071714,48752.0
11_23_wb97mv.out,5.09027620191235e-05,49838.0
11_24_wb97mv.out,-0.0003706727089513944,50372.0
11_26_wb97mv.out,0.00032690872341673303,65625.0
11_27_wb97mv.out,0.00030988266779601595,33038.0
11_28_wb97mv.out,5.473778686374502e-05,54310.0
11_29_wb97mv.out,0.0008865886545115539,64033.0
11_30_wb97mv.out,0.000885861434305976,87613.0
11_31_wb97mv.out,8.108923207968128e-06,38979.0
11_32_wb97mv.out,-0.0013895921912940238,46851.0
11_33_wb97mv.out,-0.0005613506771681275,48808.0
12_14_wb97mv.out,0.0006184303263729083,37613.0
12_15_wb97mv.out,7.136427064541832e-05,32703.0
12_16_wb97mv.out,-6.270930176573704e-05,43577.0
12_17_wb97mv.out,0.0003455676215729084,52940.0
12_18_wb97mv.out,0.0012187954455426294,53927.0
12_19_wb97mv.out,8.316496088924303e-05,52441.0
12_20_wb97mv.out,0.0007500713147968128,56144.0
12_21_wb97mv.out,0.0006711480129243028,60267.0
12_22_wb97mv.out,0.0013967842631537849,46458.0
12_23_wb97mv.out,0.0002546335668876494,34839.0
12_24_wb97mv.out,-0.001074505126157769,57876.0
12_25_wb97mv.out,-0.0006554613826438247,56237.0
12_27_wb97mv.out,0.002235126596490837,36843.0
12_28_wb97mv.out,0.00018794101905019923,36247.0
12_29_wb97mv.out,0.00304208311054502,47902.0
12_30_wb97mv.out,0.0036328402613003984,51940.0
12_31_wb97mv.out,6.928331807968127e-05,36855.0
12_32_wb97mv.out,-0.004175529713335458,42414.0
12_33_wb97mv.out,-0.0015149431112557769,36182.0
13_15_wb97mv.out,6.914585383266932e-06,29088.0
13_16_wb97mv.out,-4.682762990278884e-05,38634.0
13_17_wb97mv.out,0.0002657189019187251,50225.0
13_18_wb97mv.out,0.0010318480071553784,59237.0
13_19_wb97mv.out,6.393298306135458e-05,27546.0
13_20_wb97mv.out,0.0005159426180318726,42829.0
13_21_wb97mv.out,0.0012395174694438248,49320.0
13_22_wb97mv.out,0.0007628177632956175,39940.0
13_23_wb97mv.out,0.0001611900865752988,32234.0
13_24_wb97mv.out,-0.0008754092060494024,48027.0
13_25_wb97mv.out,0.00019932071011952192,45987.0
13_26_wb97mv.out,0.001071556492086056,53849.0
13_28_wb97mv.out,0.00026007616425976094,44441.0
13_29_wb97mv.out,0.001274707341399203,46504.0
13_30_wb97mv.out,0.0025121264377816733,53120.0
13_31_wb97mv.out,7.174975306135457e-05,38540.0
13_32_wb97mv.out,-0.0033055153761577688,51497.0
13_33_wb97mv.out,-0.0011750467470262947,53297.0
14_15_wb97mv.out,-1.9312082328286855e-05,36726.0
14_16_wb97mv.out,-1.5763278876494026e-05,44309.0
14_17_wb97mv.out,-3.453356498486056e-05,97679.0
14_18_wb97mv.out,4.1881025905976096e-05,46185.0
14_19_wb97mv.out,-7.262336615139442e-06,37806.0
14_20_wb97mv.out,2.2764508581673307e-05,40965.0
14_21_wb97mv.out,-2.7926052613545814e-05,52963.0
14_22_wb97mv.out,-0.00014288308382629482,41793.0
14_23_wb97mv.out,-4.123623626932271e-05,27922.0
14_24_wb97mv.out,-5.466421308844622e-05,54149.0
14_25_wb97mv.out,-0.00041204450995219123,52159.0
14_26_wb97mv.out,-0.00022893745887330678,47387.0
14_27_wb97mv.out,-0.0032406560351091636,43370.0
14_28_wb97mv.out,-0.00023729464991713146,39964.0
14_29_wb97mv.out,0.0005242166936478088,60444.0
14_30_wb97mv.out,-1.6965741796015937e-05,63144.0
14_31_wb97mv.out,-1.6338253509163347e-05,29986.0
14_32_wb97mv.out,2.9772698753784864e-05,28241.0
14_33_wb97mv.out,-2.622815453067729e-05,32300.0
15_16_wb97mv.out,-1.2615739405577688e-05,32318.0
15_17_wb97mv.out,2.6360974594422307e-05,37689.0
15_18_wb97mv.out,0.00011690360754581674,57525.0
15_19_wb97mv.out,5.819550873306773e-06,19185.0
15_20_wb97mv.out,6.851068520796812e-05,39103.0
15_21_wb97mv.out,2.348562098326693e-05,51375.0
15_22_wb97mv.out,2.4308195410358563e-06,28997.0
15_23_wb97mv.out,9.205494424701196e-05,28629.0
15_24_wb97mv.out,-0.00029622665288286856,45613.0
15_25_wb97mv.out,1.606916020557769e-05,41705.0
15_26_wb97mv.out,2.6876426447808762e-05,49289.0
15_27_wb97mv.out,-0.00012059157511075698,33060.0
15_28_wb97mv.out,-1.9034685212749006e-05,32737.0
15_29_wb97mv.out,0.00013952067639840638,62401.0
15_31_wb97mv.out,5.843246682868525e-05,38066.0
15_32_wb97mv.out,-0.0004029110545992032,29689.0
16_17_wb97mv.out,-7.298347714900399e-05,56579.0
16_18_wb97mv.out,-0.0008559747248047808,61987.0
16_19_wb97mv.out,5.002631080478088e-06,35207.0
16_20_wb97mv.out,-0.0002831848290135458,54420.0
16_21_wb97mv.out,-0.00016325834717928288,71148.0
16_22_wb97mv.out,-0.00012305780340717131,42986.0
16_23_wb97mv.out,3.244507054820717e-05,32701.0
16_24_wb97mv.out,-0.00012344867898007967,43718.0
16_25_wb97mv.out,-4.6784567407171315e-05,55731.0
16_26_wb97mv.out,-5.2233239612749e-05,39932.0
16_27_wb97mv.out,-3.9453713427888445e-05,28566.0
16_28_wb97mv.out,-1.740949186932271e-05,32064.0
16_29_wb97mv.out,0.0004125370881243028,50438.0
16_30_wb97mv.out,0.0007711304045705179,50266.0
16_31_wb97mv.out,-2.056292359203187e-05,43837.0
16_32_wb97mv.out,-0.002204300793383267,45730.0
16_33_wb97mv.out,0.0012791379032717131,36332.0
17_18_wb97mv.out,-2.4864494886055778e-05,69541.0
17_19_wb97mv.out,-0.0001752846671378486,37129.0
17_20_wb97mv.out,0.00011606509465976097,63529.0
17_21_wb97mv.out,-9.498883745976095e-05,38800.0
17_22_wb97mv.out,-0.00031773754165258965,57640.0
17_23_wb97mv.out,4.4175990581673305e-05,52761.0
17_24_wb97mv.out,-0.0001870838778390438,39640.0
17_25_wb97mv.out,-0.00011051815188525897,41141.0
17_26_wb97mv.out,-5.512552986294821e-05,62239.0
17_27_wb97mv.out,0.00015669061056733068,40419.0
17_28_wb97mv.out,1.791748575298805e-05,52887.0
17_29_wb97mv.out,0.0008231534547378486,71328.0
17_30_wb97mv.out,0.0007892736917083665,52582.0
17_31_wb97mv.out,1.2099320972111554e-05,38130.0
17_32_wb97mv.out,-0.0009582656305274901,34914.0
18_19_wb97mv.out,0.00011553467729880478,34334.0
18_20_wb97mv.out,-0.0013851205032701195,67031.0
18_21_wb97mv.out,-0.0007111974034438247,84472.0
18_22_wb97mv.out,0.00015353908244621515,38888.0
18_23_wb97mv.out,0.00017442447316175298,54601.0
18_24_wb97mv.out,-0.0007999191147904382,50251.0
18_25_wb97mv.out,9.661763109163347e-05,67710.0
18_26_wb97mv.out,0.0001590896809880478,61374.0
18_27_wb97mv.out,0.0006158770226486056,48894.0
18_28_wb97mv.out,0.0002284938991139442,43182.0
18_29_wb97mv.out,0.0015714137981800798,63486.0
18_30_wb97mv.out,0.0017679647929545815,66110.0
18_31_wb97mv.out,0.00011244441298326694,41983.0
18_32_wb97mv.out,0.0001318958799808765,34236.0
18_33_wb97mv.out,0.003344963743950597,45938.0
19_20_wb97mv.out,4.079046094661355e-05,34655.0
19_21_wb97mv.out,-0.00014394114863904383,55401.0
19_22_wb97mv.out,2.888042982629482e-05,39596.0
19_23_wb97mv.out,6.832314661354581e-06,38169.0
19_24_wb97mv.out,-4.067550908525896e-05,55418.0
19_25_wb97mv.out,-2.6263066921115536e-05,59344.0
19_26_wb97mv.out,-0.0002786271153609562,41646.0
19_27_wb97mv.out,3.349327537848605e-05,35052.0
19_28_wb97mv.out,3.25996267250996e-06,41140.0
19_29_wb97mv.out,0.0003394918990087649,54530.0
19_30_wb97mv.out,0.00025990753730358566,45768.0
19_31_wb97mv.out,2.2914114533864543e-06,52250.0
19_32_wb97mv.out,-0.00044618817094661356,50466.0
20_21_wb97mv.out,-0.0007600138797673306,53965.0
20_22_wb97mv.out,0.00012124806716494024,43618.0
20_23_wb97mv.out,0.0001284581159123506,30798.0
20_24_wb97mv.out,-0.0005480479771760956,38763.0
20_25_wb97mv.out,9.266566960956175e-05,44442.0
20_26_wb97mv.out,2.8044723000796813e-05,31948.0
20_27_wb97mv.out,0.00021158740951872512,21689.0
20_28_wb97mv.out,0.00016960849390278886,38792.0
20_29_wb97mv.out,0.00045230068449083667,45680.0
20_30_wb97mv.out,0.0007373184192462152,46607.0
20_31_wb97mv.out,7.495172684143427e-05,29985.0
20_32_wb97mv.out,0.00011429631790278886,35626.0
20_33_wb97mv.out,0.0011507570566948208,33037.0
21_22_wb97mv.out,0.0002949495893545817,41552.0
21_23_wb97mv.out,-1.385191120318725e-06,39430.0
21_24_wb97mv.out,-0.00011681076401593625,53747.0
21_25_wb97mv.out,-0.00012789799400796814,58587.0
21_26_wb97mv.out,0.0001294193585498008,64864.0
21_27_wb97mv.out,0.0010063143673609562,34676.0
21_28_wb97mv.out,-1.0774383874103585e-05,66686.0
21_29_wb97mv.out,0.001735793855752988,61877.0
21_30_wb97mv.out,0.0009236728574517928,52886.0
21_31_wb97mv.out,-1.7554375880478088e-05,48214.0
21_32_wb97mv.out,0.0005477649947681275,60752.0
22_23_wb97mv.out,4.462366654820717e-05,29286.0
22_24_wb97mv.out,-0.0003512489510374502,35090.0
22_25_wb97mv.out,-0.0013515757031011951,55617.0
22_26_wb97mv.out,0.0005478448366486056,53531.0
22_27_wb97mv.out,0.0007938513799856573,34134.0
22_28_wb97mv.out,-2.2584432278884464e-05,48500.0
22_29_wb97mv.out,0.00100853597972749,49916.0
22_30_wb97mv.out,0.0007475401009848605,45943.0
22_31_wb97mv.out,-2.400884595059761e-05,32814.0
22_32_wb97mv.out,-0.0013376628009418327,37228.0
22_33_wb97mv.out,-0.0003033715908318725,41495.0
23_24_wb97mv.out,0.00014829298755378485,42260.0
23_25_wb97mv.out,0.0004192277334310757,43248.0
23_26_wb97mv.out,3.645681197290836e-05,51435.0
23_27_wb97mv.out,7.545069612749003e-05,24864.0
23_28_wb97mv.out,1.9492936715537848e-05,31517.0
23_29_wb97mv.out,0.0003744232243203187,60857.0
23_30_wb97mv.out,0.00035020180646693226,62713.0
23_31_wb97mv.out,4.1542719236653385e-05,41053.0
23_32_wb97mv.out,-0.0003904715924796813,70237.0
23_33_wb97mv.out,-0.0001987670439043825,35785.0
24_25_wb97mv.out,-0.0002456978091075697,42071.0
24_26_wb97mv.out,-0.00024835574381992033,50401.0
24_27_wb97mv.out,-0.0005223440983219124,42498.0
24_28_wb97mv.out,-0.0005077595414645419,35131.0
24_29_wb97mv.out,-0.0018672448887920318,62885.0
24_30_wb97mv.out,-0.0023251029358390437,58993.0
24_31_wb97mv.out,-7.713807483505976e-05,42468.0
24_32_wb97mv.out,0.0020201471554884463,50507.0
24_33_wb97mv.out,0.0008759743536701195,48454.0
25_26_wb97mv.out,-0.00010797498349641433,61028.0
25_27_wb97mv.out,-4.409148519681275e-05,49019.0
25_28_wb97mv.out,-0.00027710571148207176,54748.0
25_29_wb97mv.out,0.0004171603723314741,73461.0
25_30_wb97mv.out,-0.00021643462425338645,56245.0
25_31_wb97mv.out,-4.0566634331474104e-05,51952.0
25_32_wb97mv.out,-0.00016124344970996015,53130.0
25_33_wb97mv.out,-0.00011725963894183268,32549.0
26_27_wb97mv.out,0.000576725247829482,43826.0
26_28_wb97mv.out,3.061376667729083e-05,49023.0
26_29_wb97mv.out,0.0013553783071553784,97567.0
26_30_wb97mv.out,0.0012031000425976096,74995.0
26_31_wb97mv.out,1.5827782124302788e-05,39512.0
26_32_wb97mv.out,-0.0013955356572350596,47605.0
27_28_wb97mv.out,-0.00020555619375139445,27885.0
27_29_wb97mv.out,-0.006567606047987251,60278.0
27_30_wb97mv.out,0.0011197888293418327,58686.0
27_31_wb97mv.out,2.016410573545817e-05,38765.0
27_32_wb97mv.out,-0.0020559678131521915,26645.0
28_29_wb97mv.out,0.0010319730861657371,40308.0
28_30_wb97mv.out,0.0008928769132796814,35965.0
28_31_wb97mv.out,8.335307360956176e-06,22363.0
28_32_wb97mv.out,-0.0008232565247808766,23309.0
29_30_wb97mv.out,-0.003554973023322709,59193.0
29_31_wb97mv.out,0.00047279590404780876,37834.0
29_32_wb97mv.out,0.001034226623187251,35873.0
30_31_wb97mv.out,0.001401417802298008,36260.0
30_32_wb97mv.out,0.012282206483504383,40674.0
30_33_wb97mv.out,-0.0011558948304972111,64784.0
31_32_wb97mv.out,-0.0005558029026486056,20537.0
31_33_wb97mv.out,-0.00013253362638406373,71733.0
32_33_wb97mv.out,-0.0012662394438533865,29909.0
